id,team_name,ranking_date,rank,points,previous_rank,source,notes,is_world_cup_team,created_at
5,France,2026-04-01,1,,,manual,,1,2026-05-12 02:17:25
6,Spain,2026-04-01,2,,,manual,,1,2026-05-12 02:17:25
7,Argentina,2026-04-01,3,,,manual,,1,2026-05-12 02:17:25
8,England,2026-04-01,4,,,manual,,1,2026-05-12 02:17:25
9,Portugal,2026-04-01,5,,,manual,,1,2026-05-12 02:17:25
10,Brazil,2026-04-01,6,,,manual,,1,2026-05-12 02:17:25
11,Netherlands,2026-04-01,7,,,manual,,1,2026-05-12 02:17:25
12,Morocco,2026-04-01,8,,,manual,,1,2026-05-12 02:17:25
13,Belgium,2026-04-01,9,,,manual,,1,2026-05-12 02:17:25
14,Germany,2026-04-01,10,,,manual,,1,2026-05-12 02:17:25
15,Croatia,2026-04-01,11,,,manual,,1,2026-05-12 02:17:25
16,Italy,2026-04-01,12,,,manual,,0,2026-05-12 02:17:25
17,Colombia,2026-04-01,13,,,manual,,1,2026-05-12 02:17:25
18,Senegal,2026-04-01,14,,,manual,,1,2026-05-12 02:17:25
19,Mexico,2026-04-01,15,,,manual,,1,2026-05-12 02:17:25
20,USA,2026-04-01,16,,,manual,,1,2026-05-12 02:17:25
21,Uruguay,2026-04-01,17,,,manual,,1,2026-05-12 02:17:25
22,Japan,2026-04-01,18,,,manual,,1,2026-05-12 02:17:25
23,Switzerland,2026-04-01,19,,,manual,,1,2026-05-12 02:17:25
24,Denmark,2026-04-01,20,,,manual,,0,2026-05-12 02:17:25
25,IR Iran,2026-04-01,21,,,manual,,1,2026-05-12 02:17:25
26,Türkiye,2026-04-01,22,,,manual,,1,2026-05-12 02:17:25
27,Ecuador,2026-04-01,23,,,manual,,1,2026-05-12 02:17:25
28,Austria,2026-04-01,24,,,manual,,1,2026-05-12 02:17:25
30,Nigeria,2026-04-01,26,,,manual,,0,2026-05-12 02:17:25
31,Australia,2026-04-01,27,,,manual,,1,2026-05-12 02:17:25
32,Algeria,2026-04-01,28,,,manual,,1,2026-05-12 02:17:25
33,Egypt,2026-04-01,29,,,manual,,1,2026-05-12 02:17:25
34,Canada,2026-04-01,30,,,manual,,1,2026-05-12 02:17:25
35,Norway,2026-04-01,31,,,manual,,1,2026-05-12 02:17:25
36,Ukraine,2026-04-01,32,,,manual,,0,2026-05-12 02:17:25
37,Panama,2026-04-01,33,,,manual,,1,2026-05-12 02:17:25
38,Côte d'Ivoire,2026-04-01,34,,,manual,,1,2026-05-12 02:17:25
39,Poland,2026-04-01,35,,,manual,,0,2026-05-12 02:17:25
40,Russia,2026-04-01,36,,,manual,,0,2026-05-12 02:17:25
41,Wales,2026-04-01,37,,,manual,,0,2026-05-12 02:17:25
42,Sweden,2026-04-01,38,,,manual,,1,2026-05-12 02:17:25
43,Serbia,2026-04-01,39,,,manual,,0,2026-05-12 02:17:25
44,Paraguay,2026-04-01,40,,,manual,,1,2026-05-12 02:17:25
45,Czechia,2026-04-01,41,,,manual,,1,2026-05-12 02:17:25
46,Hungary,2026-04-01,42,,,manual,,0,2026-05-12 02:17:25
47,Scotland,2026-04-01,43,,,manual,,1,2026-05-12 02:17:25
48,Tunisia,2026-04-01,44,,,manual,,1,2026-05-12 02:17:25
49,Cameroon,2026-04-01,45,,,manual,,0,2026-05-12 02:17:25
50,Congo DR,2026-04-01,46,,,manual,,1,2026-05-12 02:17:25
51,Greece,2026-04-01,47,,,manual,,0,2026-05-12 02:17:25
52,Slovakia,2026-04-01,48,,,manual,,0,2026-05-12 02:17:25
53,Venezuela,2026-04-01,49,,,manual,,0,2026-05-12 02:17:25
54,Uzbekistan,2026-04-01,50,,,manual,,1,2026-05-12 02:17:25
55,Costa Rica,2026-04-01,51,,,manual,,0,2026-05-12 02:17:25
56,Mali,2026-04-01,52,,,manual,,0,2026-05-12 02:17:25
57,Peru,2026-04-01,53,,,manual,,0,2026-05-12 02:17:25
58,Chile,2026-04-01,54,,,manual,,0,2026-05-12 02:17:25
59,Qatar,2026-04-01,55,,,manual,,1,2026-05-12 02:17:25
60,Romania,2026-04-01,56,,,manual,,0,2026-05-12 02:17:25
61,Iraq,2026-04-01,57,,,manual,,1,2026-05-12 02:17:25
62,Slovenia,2026-04-01,58,,,manual,,0,2026-05-12 02:17:25
63,Republic of Ireland,2026-04-01,59,,,manual,,0,2026-05-12 02:17:25
64,South Africa,2026-04-01,60,,,manual,,1,2026-05-12 02:17:25
65,Saudi Arabia,2026-04-01,61,,,manual,,1,2026-05-12 02:17:25
66,Burkina Faso,2026-04-01,62,,,manual,,0,2026-05-12 02:17:25
67,Jordan,2026-04-01,63,,,manual,,1,2026-05-12 02:17:25
68,Albania,2026-04-01,64,,,manual,,0,2026-05-12 02:17:25
69,Bosnia and Herzegovina,2026-04-01,65,,,manual,,1,2026-05-12 02:17:25
70,Honduras,2026-04-01,66,,,manual,,0,2026-05-12 02:17:25
71,North Macedonia,2026-04-01,67,,,manual,,0,2026-05-12 02:17:25
72,United Arab Emirates,2026-04-01,68,,,manual,,0,2026-05-12 02:17:25
73,Cabo Verde,2026-04-01,69,,,manual,,1,2026-05-12 02:17:25
74,Northern Ireland,2026-04-01,70,,,manual,,0,2026-05-12 02:17:25
75,Jamaica,2026-04-01,71,,,manual,,0,2026-05-12 02:17:25
76,Georgia,2026-04-01,72,,,manual,,0,2026-05-12 02:17:25
77,Finland,2026-04-01,73,,,manual,,0,2026-05-12 02:17:25
78,Ghana,2026-04-01,74,,,manual,,1,2026-05-12 02:17:25
79,Iceland,2026-04-01,75,,,manual,,0,2026-05-12 02:17:25
80,Bolivia,2026-04-01,76,,,manual,,0,2026-05-12 02:17:25
81,Israel,2026-04-01,77,,,manual,,0,2026-05-12 02:17:25
82,Kosovo,2026-04-01,78,,,manual,,0,2026-05-12 02:17:25
83,Oman,2026-04-01,79,,,manual,,0,2026-05-12 02:17:25
84,Guinea,2026-04-01,80,,,manual,,0,2026-05-12 02:17:25
85,Montenegro,2026-04-01,81,,,manual,,0,2026-05-12 02:17:25
86,Curaçao,2026-04-01,82,,,manual,,1,2026-05-12 02:17:25
87,Haiti,2026-04-01,83,,,manual,,1,2026-05-12 02:17:25
88,Syria,2026-04-01,84,,,manual,,0,2026-05-12 02:17:25
89,New Zealand,2026-04-01,85,,,manual,,1,2026-05-12 02:17:25
90,Bulgaria,2026-04-01,86,,,manual,,0,2026-05-12 02:17:25
91,Gabon,2026-04-01,87,,,manual,,0,2026-05-12 02:17:25
92,Uganda,2026-04-01,88,,,manual,,0,2026-05-12 02:17:25
93,Angola,2026-04-01,89,,,manual,,0,2026-05-12 02:17:25
94,Benin,2026-04-01,90,,,manual,,0,2026-05-12 02:17:25
95,Bahrain,2026-04-01,91,,,manual,,0,2026-05-12 02:17:25
96,Zambia,2026-04-01,92,,,manual,,0,2026-05-12 02:17:25
97,Thailand,2026-04-01,93,,,manual,,0,2026-05-12 02:17:25
98,China PR,2026-04-01,94,,,manual,,0,2026-05-12 02:17:25
99,Palestine,2026-04-01,95,,,manual,,0,2026-05-12 02:17:25
100,Guatemala,2026-04-01,96,,,manual,,0,2026-05-12 02:17:25
101,Belarus,2026-04-01,97,,,manual,,0,2026-05-12 02:17:25
102,Luxembourg,2026-04-01,98,,,manual,,0,2026-05-12 02:17:25
103,Vietnam,2026-04-01,99,,,manual,,0,2026-05-12 02:17:25
104,El Salvador,2026-04-01,100,,,manual,,0,2026-05-12 02:17:25
105,Mozambique,2026-04-01,101,,,manual,,0,2026-05-12 02:17:25
106,Trinidad and Tobago,2026-04-01,102,,,manual,,0,2026-05-12 02:17:25
107,Tajikistan,2026-04-01,103,,,manual,,0,2026-05-12 02:17:25
108,Madagascar,2026-04-01,104,,,manual,,0,2026-05-12 02:17:25
109,Equatorial Guinea,2026-04-01,105,,,manual,,0,2026-05-12 02:17:25
110,Armenia,2026-04-01,106,,,manual,,0,2026-05-12 02:17:25
111,Kyrgyz Republic,2026-04-01,107,,,manual,,0,2026-05-12 02:17:25
112,Lebanon,2026-04-01,108,,,manual,,0,2026-05-12 02:17:25
113,Comoros,2026-04-01,109,,,manual,,0,2026-05-12 02:17:25
114,Kazakhstan,2026-04-01,110,,,manual,,0,2026-05-12 02:17:25
115,Kenya,2026-04-01,111,,,manual,,0,2026-05-12 02:17:25
116,Libya,2026-04-01,112,,,manual,,0,2026-05-12 02:17:25
117,Tanzania,2026-04-01,113,,,manual,,0,2026-05-12 02:17:25
118,Niger,2026-04-01,114,,,manual,,0,2026-05-12 02:17:25
119,Mauritania,2026-04-01,115,,,manual,,0,2026-05-12 02:17:25
120,The Gambia,2026-04-01,116,,,manual,,0,2026-05-12 02:17:25
121,Sudan,2026-04-01,117,,,manual,,0,2026-05-12 02:17:25
122,Korea DPR,2026-04-01,118,,,manual,,0,2026-05-12 02:17:25
123,Sierra Leone,2026-04-01,119,,,manual,,0,2026-05-12 02:17:25
124,Namibia,2026-04-01,120,,,manual,,0,2026-05-12 02:17:25
125,Togo,2026-04-01,121,,,manual,,0,2026-05-12 02:17:25
126,Indonesia,2026-04-01,122,,,manual,,0,2026-05-12 02:17:25
127,Faroe Islands,2026-04-01,123,,,manual,,0,2026-05-12 02:17:25
128,Azerbaijan,2026-04-01,124,,,manual,,0,2026-05-12 02:17:25
129,Suriname,2026-04-01,125,,,manual,,0,2026-05-12 02:17:25
130,Cyprus,2026-04-01,126,,,manual,,0,2026-05-12 02:17:25
131,Malawi,2026-04-01,127,,,manual,,0,2026-05-12 02:17:25
132,Rwanda,2026-04-01,128,,,manual,,0,2026-05-12 02:17:25
133,Estonia,2026-04-01,129,,,manual,,0,2026-05-12 02:17:25
134,Zimbabwe,2026-04-01,130,,,manual,,0,2026-05-12 02:17:25
135,Nicaragua,2026-04-01,131,,,manual,,0,2026-05-12 02:17:25
136,Guinea-Bissau,2026-04-01,132,,,manual,,0,2026-05-12 02:17:25
137,Congo,2026-04-01,133,,,manual,,0,2026-05-12 02:17:25
138,Kuwait,2026-04-01,134,,,manual,,0,2026-05-12 02:17:25
139,Philippines,2026-04-01,135,,,manual,,0,2026-05-12 02:17:25
140,India,2026-04-01,136,,,manual,,0,2026-05-12 02:17:25
141,Latvia,2026-04-01,137,,,manual,,0,2026-05-12 02:17:25
142,Malaysia,2026-04-01,138,,,manual,,0,2026-05-12 02:17:25
143,Central African Republic,2026-04-01,139,,,manual,,0,2026-05-12 02:17:25
144,Liberia,2026-04-01,140,,,manual,,0,2026-05-12 02:17:25
145,Turkmenistan,2026-04-01,141,,,manual,,0,2026-05-12 02:17:25
146,Burundi,2026-04-01,142,,,manual,,0,2026-05-12 02:17:25
147,Dominican Republic,2026-04-01,143,,,manual,,0,2026-05-12 02:17:25
148,Ethiopia,2026-04-01,144,,,manual,,0,2026-05-12 02:17:25
149,Lesotho,2026-04-01,145,,,manual,,0,2026-05-12 02:17:25
150,Botswana,2026-04-01,146,,,manual,,0,2026-05-12 02:17:25
151,Singapore,2026-04-01,147,,,manual,,0,2026-05-12 02:17:25
152,Lithuania,2026-04-01,148,,,manual,,0,2026-05-12 02:17:25
153,Yemen,2026-04-01,149,,,manual,,0,2026-05-12 02:17:25
154,Guyana,2026-04-01,150,,,manual,,0,2026-05-12 02:17:25
155,New Caledonia,2026-04-01,151,,,manual,,0,2026-05-12 02:17:25
156,St Kitts and Nevis,2026-04-01,152,,,manual,,0,2026-05-12 02:17:25
157,Solomon Islands,2026-04-01,153,,,manual,,0,2026-05-12 02:17:25
158,Fiji,2026-04-01,154,,,manual,,0,2026-05-12 02:17:25
159,"Hong Kong, China",2026-04-01,155,,,manual,,0,2026-05-12 02:17:25
160,Puerto Rico,2026-04-01,156,,,manual,,0,2026-05-12 02:17:25
161,Tahiti,2026-04-01,157,,,manual,,0,2026-05-12 02:17:25
162,Myanmar,2026-04-01,158,,,manual,,0,2026-05-12 02:17:25
163,Moldova,2026-04-01,159,,,manual,,0,2026-05-12 02:17:25
164,Vanuatu,2026-04-01,160,,,manual,,0,2026-05-12 02:17:25
165,Malta,2026-04-01,161,,,manual,,0,2026-05-12 02:17:25
166,Antigua and Barbuda,2026-04-01,162,,,manual,,0,2026-05-12 02:17:25
167,Grenada,2026-04-01,163,,,manual,,0,2026-05-12 02:17:25
168,Cuba,2026-04-01,164,,,manual,,0,2026-05-12 02:17:25
169,Eswatini,2026-04-01,165,,,manual,,0,2026-05-12 02:17:25
170,Bermuda,2026-04-01,166,,,manual,,0,2026-05-12 02:17:25
171,St Lucia,2026-04-01,167,,,manual,,0,2026-05-12 02:17:25
172,Papua New Guinea,2026-04-01,168,,,manual,,0,2026-05-12 02:17:25
173,Afghanistan,2026-04-01,169,,,manual,,0,2026-05-12 02:17:25
174,South Sudan,2026-04-01,170,,,manual,,0,2026-05-12 02:17:25
175,St Vincent and the Grenadines,2026-04-01,171,,,manual,,0,2026-05-12 02:17:25
176,Maldives,2026-04-01,172,,,manual,,0,2026-05-12 02:17:25
177,Andorra,2026-04-01,173,,,manual,,0,2026-05-12 02:17:25
178,Chinese Taipei,2026-04-01,174,,,manual,,0,2026-05-12 02:17:25
179,Montserrat,2026-04-01,175,,,manual,,0,2026-05-12 02:17:25
180,Nepal,2026-04-01,176,,,manual,,0,2026-05-12 02:17:25
181,Cambodia,2026-04-01,177,,,manual,,0,2026-05-12 02:17:25
182,Mauritius,2026-04-01,178,,,manual,,0,2026-05-12 02:17:25
183,Barbados,2026-04-01,179,,,manual,,0,2026-05-12 02:17:25
184,Belize,2026-04-01,180,,,manual,,0,2026-05-12 02:17:25
185,Bangladesh,2026-04-01,181,,,manual,,0,2026-05-12 02:17:25
186,Dominica,2026-04-01,182,,,manual,,0,2026-05-12 02:17:25
187,Chad,2026-04-01,183,,,manual,,0,2026-05-12 02:17:25
188,Eritrea,2026-04-01,184,,,manual,,0,2026-05-12 02:17:25
189,Laos,2026-04-01,185,,,manual,,0,2026-05-12 02:17:25
190,Bhutan,2026-04-01,186,,,manual,,0,2026-05-12 02:17:25
191,Mongolia,2026-04-01,187,,,manual,,0,2026-05-12 02:17:25
192,Cook Islands,2026-04-01,188,,,manual,,0,2026-05-12 02:17:25
193,Aruba,2026-04-01,189,,,manual,,0,2026-05-12 02:17:25
194,Samoa,2026-04-01,190,,,manual,,0,2026-05-12 02:17:25
195,Sri Lanka,2026-04-01,191,,,manual,,0,2026-05-12 02:17:25
196,American Samoa,2026-04-01,192,,,manual,,0,2026-05-12 02:17:25
197,Brunei Darussalam,2026-04-01,193,,,manual,,0,2026-05-12 02:17:25
198,Macau,2026-04-01,194,,,manual,,0,2026-05-12 02:17:25
199,Cayman Islands,2026-04-01,195,,,manual,,0,2026-05-12 02:17:25
200,São Tomé and Príncipe,2026-04-01,196,,,manual,,0,2026-05-12 02:17:25
201,Djibouti,2026-04-01,197,,,manual,,0,2026-05-12 02:17:25
202,Somalia,2026-04-01,198,,,manual,,0,2026-05-12 02:17:25
203,Tonga,2026-04-01,199,,,manual,,0,2026-05-12 02:17:25
204,Timor-Leste,2026-04-01,200,,,manual,,0,2026-05-12 02:17:25
205,Guam,2026-04-01,201,,,manual,,0,2026-05-12 02:17:25
206,Pakistan,2026-04-01,202,,,manual,,0,2026-05-12 02:17:25
207,Gibraltar,2026-04-01,203,,,manual,,0,2026-05-12 02:17:25
208,Seychelles,2026-04-01,204,,,manual,,0,2026-05-12 02:17:25
209,Turks and Caicos Islands,2026-04-01,205,,,manual,,0,2026-05-12 02:17:25
210,Liechtenstein,2026-04-01,206,,,manual,,0,2026-05-12 02:17:25
211,Bahamas,2026-04-01,207,,,manual,,0,2026-05-12 02:17:25
212,British Virgin Islands,2026-04-01,208,,,manual,,0,2026-05-12 02:17:25
213,US Virgin Islands,2026-04-01,209,,,manual,,0,2026-05-12 02:17:25
214,Anguilla,2026-04-01,210,,,manual,,0,2026-05-12 02:17:25
215,San Marino,2026-04-01,211,,,manual,,0,2026-05-12 02:17:25
240,South Korea,2026-04-01,25,,,manual,,1,2026-05-12 02:32:30
638,USA,2026-01-01,15,1678.0,16.0,manual,,1,2026-05-12 02:39:32
639,Mexico,2026-01-01,14,1680.0,15.0,manual,,1,2026-05-12 02:39:32
640,Canada,2026-01-01,31,1516.0,32.0,manual,,1,2026-05-12 02:39:32
641,Argentina,2026-06-11,1,,,FIFA.com,,1,2026-06-12 12:26:49
642,Spain,2026-06-11,2,,,FIFA.com,,1,2026-06-12 12:26:49
643,France,2026-06-11,3,,,FIFA.com,,1,2026-06-12 12:26:49
644,England,2026-06-11,4,,,FIFA.com,,1,2026-06-12 12:26:49
645,Portugal,2026-06-11,5,,,FIFA.com,,1,2026-06-12 12:26:49
646,Brazil,2026-06-11,6,,,FIFA.com,,1,2026-06-12 12:26:49
647,Morocco,2026-06-11,7,,,FIFA.com,,1,2026-06-12 12:26:49
648,Netherlands,2026-06-11,8,,,FIFA.com,,1,2026-06-12 12:26:49
649,Belgium,2026-06-11,9,,,FIFA.com,,1,2026-06-12 12:26:49
650,Germany,2026-06-11,10,,,FIFA.com,,1,2026-06-12 12:26:49
651,Croatia,2026-06-11,11,,,FIFA.com,,1,2026-06-12 12:26:49
652,Italy,2026-06-11,12,,,FIFA.com,,0,2026-06-12 12:26:49
653,Colombia,2026-06-11,13,,,FIFA.com,,1,2026-06-12 12:26:49
654,Mexico,2026-06-11,14,,,FIFA.com,,1,2026-06-12 12:26:49
655,Senegal,2026-06-11,15,,,FIFA.com,,1,2026-06-12 12:26:49
656,Uruguay,2026-06-11,16,,,FIFA.com,,1,2026-06-12 12:26:49
657,USA,2026-06-11,17,,,FIFA.com,,1,2026-06-12 12:26:49
658,Japan,2026-06-11,18,,,FIFA.com,,1,2026-06-12 12:26:49
659,Switzerland,2026-06-11,19,,,FIFA.com,,1,2026-06-12 12:26:49
660,IR Iran,2026-06-11,20,,,FIFA.com,,1,2026-06-12 12:26:49
661,Denmark,2026-06-11,21,,,FIFA.com,,0,2026-06-12 12:26:49
662,Türkiye,2026-06-11,22,,,FIFA.com,,1,2026-06-12 12:26:49
663,Ecuador,2026-06-11,23,,,FIFA.com,,1,2026-06-12 12:26:49
664,Austria,2026-06-11,24,,,FIFA.com,,1,2026-06-12 12:26:49
665,South Korea,2026-06-11,25,,,FIFA.com,,1,2026-06-12 12:26:49
666,Nigeria,2026-06-11,26,,,FIFA.com,,0,2026-06-12 12:26:49
667,Australia,2026-06-11,27,,,FIFA.com,,1,2026-06-12 12:26:49
668,Algeria,2026-06-11,28,,,FIFA.com,,1,2026-06-12 12:26:49
669,Egypt,2026-06-11,29,,,FIFA.com,,1,2026-06-12 12:26:49
670,Canada,2026-06-11,30,,,FIFA.com,,1,2026-06-12 12:26:49
671,Norway,2026-06-11,31,,,FIFA.com,,1,2026-06-12 12:26:49
672,Ukraine,2026-06-11,32,,,FIFA.com,,0,2026-06-12 12:26:49
673,Côte d'Ivoire,2026-06-11,33,,,FIFA.com,,1,2026-06-12 12:26:49
674,Panama,2026-06-11,34,,,FIFA.com,,1,2026-06-12 12:26:49
675,Russia,2026-06-11,35,,,FIFA.com,,0,2026-06-12 12:26:49
676,Poland,2026-06-11,36,,,FIFA.com,,0,2026-06-12 12:26:49
677,Wales,2026-06-11,37,,,FIFA.com,,0,2026-06-12 12:26:49
678,Sweden,2026-06-11,38,,,FIFA.com,,1,2026-06-12 12:26:49
679,Hungary,2026-06-11,39,,,FIFA.com,,0,2026-06-12 12:26:49
680,Czechia,2026-06-11,40,,,FIFA.com,,1,2026-06-12 12:26:49
681,Paraguay,2026-06-11,41,,,FIFA.com,,1,2026-06-12 12:26:49
682,Scotland,2026-06-11,42,,,FIFA.com,,1,2026-06-12 12:26:49
683,Serbia,2026-06-11,43,,,FIFA.com,,0,2026-06-12 12:26:49
684,Cameroon,2026-06-11,44,,,FIFA.com,,0,2026-06-12 12:26:49
685,Tunisia,2026-06-11,45,,,FIFA.com,,1,2026-06-12 12:26:49
686,Congo DR,2026-06-11,46,,,FIFA.com,,1,2026-06-12 12:26:49
687,Slovakia,2026-06-11,47,,,FIFA.com,,0,2026-06-12 12:26:49
688,Greece,2026-06-11,48,,,FIFA.com,,0,2026-06-12 12:26:49
689,Venezuela,2026-06-11,49,,,FIFA.com,,0,2026-06-12 12:26:49
690,Uzbekistan,2026-06-11,50,,,FIFA.com,,1,2026-06-12 12:26:49
691,Chile,2026-06-11,51,,,FIFA.com,,0,2026-06-12 12:26:49
692,Peru,2026-06-11,52,,,FIFA.com,,0,2026-06-12 12:26:49
693,Costa Rica,2026-06-11,53,,,FIFA.com,,0,2026-06-12 12:26:49
694,Romania,2026-06-11,54,,,FIFA.com,,0,2026-06-12 12:26:49
695,Mali,2026-06-11,55,,,FIFA.com,,0,2026-06-12 12:26:49
696,Qatar,2026-06-11,56,,,FIFA.com,,1,2026-06-12 12:26:49
697,Iraq,2026-06-11,57,,,FIFA.com,,1,2026-06-12 12:26:49
698,Republic of Ireland,2026-06-11,58,,,FIFA.com,,0,2026-06-12 12:26:49
699,Slovenia,2026-06-11,59,,,FIFA.com,,0,2026-06-12 12:26:49
700,South Africa,2026-06-11,60,,,FIFA.com,,1,2026-06-12 12:26:49
701,Saudi Arabia,2026-06-11,61,,,FIFA.com,,1,2026-06-12 12:26:49
702,Burkina Faso,2026-06-11,62,,,FIFA.com,,0,2026-06-12 12:26:49
703,Jordan,2026-06-11,63,,,FIFA.com,,1,2026-06-12 12:26:49
704,Bosnia and Herzegovina,2026-06-11,64,,,FIFA.com,,1,2026-06-12 12:26:49
705,Honduras,2026-06-11,65,,,FIFA.com,,0,2026-06-12 12:26:49
706,Albania,2026-06-11,66,,,FIFA.com,,0,2026-06-12 12:26:49
707,Cabo Verde,2026-06-11,67,,,FIFA.com,,1,2026-06-12 12:26:49
708,United Arab Emirates,2026-06-11,68,,,FIFA.com,,0,2026-06-12 12:26:49
709,North Macedonia,2026-06-11,69,,,FIFA.com,,0,2026-06-12 12:26:49
710,Northern Ireland,2026-06-11,70,,,FIFA.com,,0,2026-06-12 12:26:49
711,Jamaica,2026-06-11,71,,,FIFA.com,,0,2026-06-12 12:26:49
712,Georgia,2026-06-11,72,,,FIFA.com,,0,2026-06-12 12:26:49
713,Ghana,2026-06-11,73,,,FIFA.com,,1,2026-06-12 12:26:49
714,Iceland,2026-06-11,74,,,FIFA.com,,0,2026-06-12 12:26:49
715,Finland,2026-06-11,75,,,FIFA.com,,0,2026-06-12 12:26:49
716,Israel,2026-06-11,76,,,FIFA.com,,0,2026-06-12 12:26:49
717,Bolivia,2026-06-11,77,,,FIFA.com,,0,2026-06-12 12:26:49
718,Kosovo,2026-06-11,78,,,FIFA.com,,0,2026-06-12 12:26:49
719,Oman,2026-06-11,79,,,FIFA.com,,0,2026-06-12 12:26:49
720,Montenegro,2026-06-11,80,,,FIFA.com,,0,2026-06-12 12:26:49
721,Guinea,2026-06-11,81,,,FIFA.com,,0,2026-06-12 12:26:49
722,Curaçao,2026-06-11,82,,,FIFA.com,,1,2026-06-12 12:26:49
723,Haiti,2026-06-11,83,,,FIFA.com,,1,2026-06-12 12:26:49
724,Syria,2026-06-11,84,,,FIFA.com,,0,2026-06-12 12:26:49
725,New Zealand,2026-06-11,85,,,FIFA.com,,1,2026-06-12 12:26:49
726,Gabon,2026-06-11,86,,,FIFA.com,,0,2026-06-12 12:26:49
727,Bulgaria,2026-06-11,87,,,FIFA.com,,0,2026-06-12 12:26:49
728,Angola,2026-06-11,88,,,FIFA.com,,0,2026-06-12 12:26:49
729,Uganda,2026-06-11,89,,,FIFA.com,,0,2026-06-12 12:26:49
730,Zambia,2026-06-11,90,,,FIFA.com,,0,2026-06-12 12:26:49
731,China PR,2026-06-11,91,,,FIFA.com,,0,2026-06-12 12:26:49
732,Bahrain,2026-06-11,92,,,FIFA.com,,0,2026-06-12 12:26:49
733,Benin,2026-06-11,93,,,FIFA.com,,0,2026-06-12 12:26:49
734,Thailand,2026-06-11,94,,,FIFA.com,,0,2026-06-12 12:26:49
735,Palestine,2026-06-11,95,,,FIFA.com,,0,2026-06-12 12:26:49
736,Belarus,2026-06-11,96,,,FIFA.com,,0,2026-06-12 12:26:49
737,Guatemala,2026-06-11,97,,,FIFA.com,,0,2026-06-12 12:26:49
738,Luxembourg,2026-06-11,98,,,FIFA.com,,0,2026-06-12 12:26:49
739,Vietnam,2026-06-11,99,,,FIFA.com,,0,2026-06-12 12:26:49
740,El Salvador,2026-06-11,100,,,FIFA.com,,0,2026-06-12 12:26:49
741,Tajikistan,2026-06-11,101,,,FIFA.com,,0,2026-06-12 12:26:49
742,Trinidad and Tobago,2026-06-11,102,,,FIFA.com,,0,2026-06-12 12:26:49
743,Mozambique,2026-06-11,103,,,FIFA.com,,0,2026-06-12 12:26:49
744,Madagascar,2026-06-11,104,,,FIFA.com,,0,2026-06-12 12:26:49
745,Equatorial Guinea,2026-06-11,105,,,FIFA.com,,0,2026-06-12 12:26:49
746,Kyrgyz Republic,2026-06-11,106,,,FIFA.com,,0,2026-06-12 12:26:49
747,Armenia,2026-06-11,107,,,FIFA.com,,0,2026-06-12 12:26:49
748,Comoros,2026-06-11,108,,,FIFA.com,,0,2026-06-12 12:26:49
749,Kenya,2026-06-11,109,,,FIFA.com,,0,2026-06-12 12:26:49
750,Libya,2026-06-11,110,,,FIFA.com,,0,2026-06-12 12:26:49
751,Kazakhstan,2026-06-11,111,,,FIFA.com,,0,2026-06-12 12:26:49
752,Tanzania,2026-06-11,112,,,FIFA.com,,0,2026-06-12 12:26:49
753,Mauritania,2026-06-11,113,,,FIFA.com,,0,2026-06-12 12:26:49
754,Niger,2026-06-11,114,,,FIFA.com,,0,2026-06-12 12:26:49
755,Lebanon,2026-06-11,115,,,FIFA.com,,0,2026-06-12 12:26:49
756,The Gambia,2026-06-11,116,,,FIFA.com,,0,2026-06-12 12:26:49
757,Sudan,2026-06-11,117,,,FIFA.com,,0,2026-06-12 12:26:49
758,Indonesia,2026-06-11,118,,,FIFA.com,,0,2026-06-12 12:26:49
759,Togo,2026-06-11,119,,,FIFA.com,,0,2026-06-12 12:26:49
760,Korea DPR,2026-06-11,120,,,FIFA.com,,0,2026-06-12 12:26:49
761,Namibia,2026-06-11,121,,,FIFA.com,,0,2026-06-12 12:26:49
762,Sierra Leone,2026-06-11,122,,,FIFA.com,,0,2026-06-12 12:26:49
763,Faroe Islands,2026-06-11,123,,,FIFA.com,,0,2026-06-12 12:26:49
764,Cyprus,2026-06-11,124,,,FIFA.com,,0,2026-06-12 12:26:49
765,Suriname,2026-06-11,125,,,FIFA.com,,0,2026-06-12 12:26:49
766,Azerbaijan,2026-06-11,126,,,FIFA.com,,0,2026-06-12 12:26:49
767,Estonia,2026-06-11,127,,,FIFA.com,,0,2026-06-12 12:26:49
768,Rwanda,2026-06-11,128,,,FIFA.com,,0,2026-06-12 12:26:49
769,Malawi,2026-06-11,129,,,FIFA.com,,0,2026-06-12 12:26:49
770,Zimbabwe,2026-06-11,130,,,FIFA.com,,0,2026-06-12 12:26:49
771,Nicaragua,2026-06-11,131,,,FIFA.com,,0,2026-06-12 12:26:49
772,Guinea-Bissau,2026-06-11,132,,,FIFA.com,,0,2026-06-12 12:26:49
773,Kuwait,2026-06-11,133,,,FIFA.com,,0,2026-06-12 12:26:49
774,Congo,2026-06-11,134,,,FIFA.com,,0,2026-06-12 12:26:49
775,Philippines,2026-06-11,135,,,FIFA.com,,0,2026-06-12 12:26:49
776,Malaysia,2026-06-11,136,,,FIFA.com,,0,2026-06-12 12:26:49
777,Latvia,2026-06-11,137,,,FIFA.com,,0,2026-06-12 12:26:49
778,India,2026-06-11,138,,,FIFA.com,,0,2026-06-12 12:26:49
779,Central African Republic,2026-06-11,139,,,FIFA.com,,0,2026-06-12 12:26:49
780,Liberia,2026-06-11,140,,,FIFA.com,,0,2026-06-12 12:26:49
781,Turkmenistan,2026-06-11,141,,,FIFA.com,,0,2026-06-12 12:26:49
782,Burundi,2026-06-11,142,,,FIFA.com,,0,2026-06-12 12:26:49
783,Ethiopia,2026-06-11,143,,,FIFA.com,,0,2026-06-12 12:26:49
784,Dominican Republic,2026-06-11,144,,,FIFA.com,,0,2026-06-12 12:26:49
785,Yemen,2026-06-11,145,,,FIFA.com,,0,2026-06-12 12:26:49
786,Lesotho,2026-06-11,146,,,FIFA.com,,0,2026-06-12 12:26:49
787,Botswana,2026-06-11,147,,,FIFA.com,,0,2026-06-12 12:26:49
788,Singapore,2026-06-11,148,,,FIFA.com,,0,2026-06-12 12:26:49
789,Lithuania,2026-06-11,149,,,FIFA.com,,0,2026-06-12 12:26:49
790,Guyana,2026-06-11,150,,,FIFA.com,,0,2026-06-12 12:26:49
791,New Caledonia,2026-06-11,151,,,FIFA.com,,0,2026-06-12 12:26:49
792,St Kitts and Nevis,2026-06-11,152,,,FIFA.com,,0,2026-06-12 12:26:49
793,Solomon Islands,2026-06-11,153,,,FIFA.com,,0,2026-06-12 12:26:49
794,Puerto Rico,2026-06-11,154,,,FIFA.com,,0,2026-06-12 12:26:49
795,Fiji,2026-06-11,155,,,FIFA.com,,0,2026-06-12 12:26:49
796,"Hong Kong, China",2026-06-11,156,,,FIFA.com,,0,2026-06-12 12:26:49
797,Tahiti,2026-06-11,157,,,FIFA.com,,0,2026-06-12 12:26:49
798,Myanmar,2026-06-11,158,,,FIFA.com,,0,2026-06-12 12:26:49
799,Moldova,2026-06-11,159,,,FIFA.com,,0,2026-06-12 12:26:49
800,Vanuatu,2026-06-11,160,,,FIFA.com,,0,2026-06-12 12:26:49
801,Malta,2026-06-11,161,,,FIFA.com,,0,2026-06-12 12:26:49
802,Antigua and Barbuda,2026-06-11,162,,,FIFA.com,,0,2026-06-12 12:26:49
803,Grenada,2026-06-11,163,,,FIFA.com,,0,2026-06-12 12:26:49
804,Cuba,2026-06-11,164,,,FIFA.com,,0,2026-06-12 12:26:49
805,Eswatini,2026-06-11,165,,,FIFA.com,,0,2026-06-12 12:26:49
806,St Lucia,2026-06-11,166,,,FIFA.com,,0,2026-06-12 12:26:49
807,Bermuda,2026-06-11,167,,,FIFA.com,,0,2026-06-12 12:26:49
808,Papua New Guinea,2026-06-11,168,,,FIFA.com,,0,2026-06-12 12:26:49
809,South Sudan,2026-06-11,169,,,FIFA.com,,0,2026-06-12 12:26:49
810,St Vincent and the Grenadines,2026-06-11,170,,,FIFA.com,,0,2026-06-12 12:26:49
811,Afghanistan,2026-06-11,171,,,FIFA.com,,0,2026-06-12 12:26:49
812,Andorra,2026-06-11,172,,,FIFA.com,,0,2026-06-12 12:26:49
813,Maldives,2026-06-11,173,,,FIFA.com,,0,2026-06-12 12:26:49
814,Chinese Taipei,2026-06-11,174,,,FIFA.com,,0,2026-06-12 12:26:49
815,Cambodia,2026-06-11,175,,,FIFA.com,,0,2026-06-12 12:26:49
816,Montserrat,2026-06-11,176,,,FIFA.com,,0,2026-06-12 12:26:49
817,Nepal,2026-06-11,177,,,FIFA.com,,0,2026-06-12 12:26:49
818,Mauritius,2026-06-11,178,,,FIFA.com,,0,2026-06-12 12:26:49
819,Barbados,2026-06-11,179,,,FIFA.com,,0,2026-06-12 12:26:49
820,Belize,2026-06-11,180,,,FIFA.com,,0,2026-06-12 12:26:49
821,Bangladesh,2026-06-11,181,,,FIFA.com,,0,2026-06-12 12:26:49
822,Dominica,2026-06-11,182,,,FIFA.com,,0,2026-06-12 12:26:49
823,Chad,2026-06-11,183,,,FIFA.com,,0,2026-06-12 12:26:49
824,Eritrea,2026-06-11,184,,,FIFA.com,,0,2026-06-12 12:26:49
825,Laos,2026-06-11,185,,,FIFA.com,,0,2026-06-12 12:26:49
826,Cook Islands,2026-06-11,186,,,FIFA.com,,0,2026-06-12 12:26:49
827,Sri Lanka,2026-06-11,187,,,FIFA.com,,0,2026-06-12 12:26:49
828,Samoa,2026-06-11,188,,,FIFA.com,,0,2026-06-12 12:26:49
829,Aruba,2026-06-11,189,,,FIFA.com,,0,2026-06-12 12:26:49
830,Mongolia,2026-06-11,190,,,FIFA.com,,0,2026-06-12 12:26:49
831,American Samoa,2026-06-11,191,,,FIFA.com,,0,2026-06-12 12:26:49
832,Bhutan,2026-06-11,192,,,FIFA.com,,0,2026-06-12 12:26:49
833,Macau,2026-06-11,193,,,FIFA.com,,0,2026-06-12 12:26:49
834,Brunei Darussalam,2026-06-11,194,,,FIFA.com,,0,2026-06-12 12:26:49
835,São Tomé and Príncipe,2026-06-11,195,,,FIFA.com,,0,2026-06-12 12:26:49
836,Djibouti,2026-06-11,196,,,FIFA.com,,0,2026-06-12 12:26:49
837,Cayman Islands,2026-06-11,197,,,FIFA.com,,0,2026-06-12 12:26:49
838,Pakistan,2026-06-11,198,,,FIFA.com,,0,2026-06-12 12:26:49
839,Somalia,2026-06-11,199,,,FIFA.com,,0,2026-06-12 12:26:49
840,Tonga,2026-06-11,200,,,FIFA.com,,0,2026-06-12 12:26:49
841,Timor-Leste,2026-06-11,201,,,FIFA.com,,0,2026-06-12 12:26:49
842,Gibraltar,2026-06-11,202,,,FIFA.com,,0,2026-06-12 12:26:49
843,Guam,2026-06-11,203,,,FIFA.com,,0,2026-06-12 12:26:49
844,Seychelles,2026-06-11,204,,,FIFA.com,,0,2026-06-12 12:26:49
845,Turks and Caicos Islands,2026-06-11,205,,,FIFA.com,,0,2026-06-12 12:26:49
846,Liechtenstein,2026-06-11,206,,,FIFA.com,,0,2026-06-12 12:26:49
847,Bahamas,2026-06-11,207,,,FIFA.com,,0,2026-06-12 12:26:49
848,US Virgin Islands,2026-06-11,208,,,FIFA.com,,0,2026-06-12 12:26:49
849,British Virgin Islands,2026-06-11,209,,,FIFA.com,,0,2026-06-12 12:26:49
850,Anguilla,2026-06-11,210,,,FIFA.com,,0,2026-06-12 12:26:49
851,San Marino,2026-06-11,211,,,FIFA.com,,0,2026-06-12 12:26:49
