"standing_id","group_id","round_id","confederation_id","group_name","team_id","team_name","fifa_code","flag_code","fifa_rank","rank_snapshot_date","position","played","wins","draws","losses","goals_for","goals_against","goal_difference","points","status","advanced_to_round_id","qualified_for_world_cup","eliminated_in_this_round","notes","source_name","source_url"
"AFC_R2_A_1_QAT","AFC_R2_GA","AFC_R2","AFC","Group A","QAT","Qatar","QAT","QA","59","2023-07-20","1","6","5","1","0","18","3","15","16","advanced","AFC_R3","FALSE","FALSE","Advanced to third round and 2027 AFC Asian Cup","Wikipedia AFC qualification page","https://en.wikipedia.org/wiki/2026_FIFA_World_Cup_qualification_(AFC)"
"AFC_R2_A_2_KUW","AFC_R2_GA","AFC_R2","AFC","Group A","KUW","Kuwait","KUW","KW","137","2023-07-20","2","6","2","1","3","6","6","0","7","advanced","AFC_R3","FALSE","FALSE","Advanced to third round","Wikipedia AFC qualification page","https://en.wikipedia.org/wiki/2026_FIFA_World_Cup_qualification_(AFC)"
"AFC_R2_A_3_IND","AFC_R2_GA","AFC_R2","AFC","Group A","IND","India","IND","IN","99","2023-07-20","3","6","1","2","3","3","7","-4","5","eliminated","","FALSE","TRUE","Eliminated from World Cup qualifying","Wikipedia AFC qualification page","https://en.wikipedia.org/wiki/2026_FIFA_World_Cup_qualification_(AFC)"
"AFC_R2_A_4_AFG","AFC_R2_GA","AFC_R2","AFC","Group A","AFG","Afghanistan","AFG","AF","157","2023-07-20","4","6","1","2","3","3","14","-11","5","eliminated","","FALSE","TRUE","Eliminated from World Cup qualifying","Wikipedia AFC qualification page","https://en.wikipedia.org/wiki/2026_FIFA_World_Cup_qualification_(AFC)"
"AFC_R2_B_1_JPN","AFC_R2_GB","AFC_R2","AFC","Group B","JPN","Japan","JPN","JP","20","2023-07-20","1","6","6","0","0","24","0","24","18","advanced","AFC_R3","FALSE","FALSE","Advanced to third round and 2027 AFC Asian Cup","Wikipedia AFC qualification page","https://en.wikipedia.org/wiki/2026_FIFA_World_Cup_qualification_(AFC)"
"AFC_R2_B_2_PRK","AFC_R2_GB","AFC_R2","AFC","Group B","PRK","North Korea","PRK","KP","115","2023-07-20","2","6","3","0","3","11","7","4","9","advanced","AFC_R3","FALSE","FALSE","Advanced to third round","Wikipedia AFC qualification page","https://en.wikipedia.org/wiki/2026_FIFA_World_Cup_qualification_(AFC)"
"AFC_R2_B_3_SYR","AFC_R2_GB","AFC_R2","AFC","Group B","SYR","Syria","SYR","SY","94","2023-07-20","3","6","2","1","3","9","12","-3","7","eliminated","","FALSE","TRUE","Eliminated from World Cup qualifying","Wikipedia AFC qualification page","https://en.wikipedia.org/wiki/2026_FIFA_World_Cup_qualification_(AFC)"
"AFC_R2_B_4_MYA","AFC_R2_GB","AFC_R2","AFC","Group B","MYA","Myanmar","MYA","MM","160","2023-07-20","4","6","0","1","5","3","28","-25","1","eliminated","","FALSE","TRUE","Eliminated from World Cup qualifying","Wikipedia AFC qualification page","https://en.wikipedia.org/wiki/2026_FIFA_World_Cup_qualification_(AFC)"
"AFC_R2_C_1_KOR","AFC_R2_GC","AFC_R2","AFC","Group C","KOR","South Korea","KOR","KR","28","2023-07-20","1","6","5","1","0","20","1","19","16","advanced","AFC_R3","FALSE","FALSE","Advanced to third round and 2027 AFC Asian Cup","Wikipedia AFC qualification page","https://en.wikipedia.org/wiki/2026_FIFA_World_Cup_qualification_(AFC)"
"AFC_R2_C_2_CHN","AFC_R2_GC","AFC_R2","AFC","Group C","CHN","China","CHN","CN","80","2023-07-20","2","6","2","2","2","9","9","0","8","advanced","AFC_R3","FALSE","FALSE","Advanced on head-to-head over Thailand","Wikipedia AFC qualification page","https://en.wikipedia.org/wiki/2026_FIFA_World_Cup_qualification_(AFC)"
"AFC_R2_C_3_THA","AFC_R2_GC","AFC_R2","AFC","Group C","THA","Thailand","THA","TH","113","2023-07-20","3","6","2","2","2","9","9","0","8","eliminated","","FALSE","TRUE","Eliminated on head-to-head tiebreaker vs China","Wikipedia AFC qualification page","https://en.wikipedia.org/wiki/2026_FIFA_World_Cup_qualification_(AFC)"
"AFC_R2_C_4_SIN","AFC_R2_GC","AFC_R2","AFC","Group C","SIN","Singapore","SIN","SG","158","2023-07-20","4","6","0","1","5","5","24","-19","1","eliminated","","FALSE","TRUE","Eliminated from World Cup qualifying","Wikipedia AFC qualification page","https://en.wikipedia.org/wiki/2026_FIFA_World_Cup_qualification_(AFC)"
"AFC_R2_D_1_OMA","AFC_R2_GD","AFC_R2","AFC","Group D","OMA","Oman","OMA","OM","73","2023-07-20","1","6","4","1","1","11","2","9","13","advanced","AFC_R3","FALSE","FALSE","Advanced to third round and 2027 AFC Asian Cup","Wikipedia AFC qualification page","https://en.wikipedia.org/wiki/2026_FIFA_World_Cup_qualification_(AFC)"
"AFC_R2_D_2_KGZ","AFC_R2_GD","AFC_R2","AFC","Group D","KGZ","Kyrgyzstan","KGZ","KG","97","2023-07-20","2","6","3","2","1","13","7","6","11","advanced","AFC_R3","FALSE","FALSE","Advanced to third round","Wikipedia AFC qualification page","https://en.wikipedia.org/wiki/2026_FIFA_World_Cup_qualification_(AFC)"
"AFC_R2_D_3_MAS","AFC_R2_GD","AFC_R2","AFC","Group D","MAS","Malaysia","MAS","MY","136","2023-07-20","3","6","3","1","2","9","9","0","10","eliminated","","FALSE","TRUE","Eliminated from World Cup qualifying","Wikipedia AFC qualification page","https://en.wikipedia.org/wiki/2026_FIFA_World_Cup_qualification_(AFC)"
"AFC_R2_D_4_TPE","AFC_R2_GD","AFC_R2","AFC","Group D","TPE","Chinese Taipei","TPE","TW","153","2023-07-20","4","6","0","0","6","2","17","-15","0","eliminated","","FALSE","TRUE","Eliminated from World Cup qualifying","Wikipedia AFC qualification page","https://en.wikipedia.org/wiki/2026_FIFA_World_Cup_qualification_(AFC)"
"AFC_R2_E_1_IRN","AFC_R2_GE","AFC_R2","AFC","Group E","IRN","Iran","IRN","IR","22","2023-07-20","1","6","4","2","0","16","4","12","14","advanced","AFC_R3","FALSE","FALSE","Advanced to third round and 2027 AFC Asian Cup","Wikipedia AFC qualification page","https://en.wikipedia.org/wiki/2026_FIFA_World_Cup_qualification_(AFC)"
"AFC_R2_E_2_UZB","AFC_R2_GE","AFC_R2","AFC","Group E","UZB","Uzbekistan","UZB","UZ","74","2023-07-20","2","6","4","2","0","13","4","9","14","advanced","AFC_R3","FALSE","FALSE","Advanced to third round","Wikipedia AFC qualification page","https://en.wikipedia.org/wiki/2026_FIFA_World_Cup_qualification_(AFC)"
"AFC_R2_E_3_TKM","AFC_R2_GE","AFC_R2","AFC","Group E","TKM","Turkmenistan","TKM","TM","138","2023-07-20","3","6","0","2","4","4","14","-10","2","eliminated","","FALSE","TRUE","Eliminated from World Cup qualifying","Wikipedia AFC qualification page","https://en.wikipedia.org/wiki/2026_FIFA_World_Cup_qualification_(AFC)"
"AFC_R2_E_4_HKG","AFC_R2_GE","AFC_R2","AFC","Group E","HKG","Hong Kong","HKG","HK","149","2023-07-20","4","6","0","2","4","4","15","-11","2","eliminated","","FALSE","TRUE","Eliminated from World Cup qualifying","Wikipedia AFC qualification page","https://en.wikipedia.org/wiki/2026_FIFA_World_Cup_qualification_(AFC)"
"AFC_R2_F_1_IRQ","AFC_R2_GF","AFC_R2","AFC","Group F","IRQ","Iraq","IRQ","IQ","70","2023-07-20","1","6","6","0","0","17","2","15","18","advanced","AFC_R3","FALSE","FALSE","Advanced to third round and 2027 AFC Asian Cup","Wikipedia AFC qualification page","https://en.wikipedia.org/wiki/2026_FIFA_World_Cup_qualification_(AFC)"
"AFC_R2_F_2_IDN","AFC_R2_GF","AFC_R2","AFC","Group F","IDN","Indonesia","IDN","ID","150","2023-07-20","2","6","3","1","2","8","8","0","10","advanced","AFC_R3","FALSE","FALSE","Advanced to third round","Wikipedia AFC qualification page","https://en.wikipedia.org/wiki/2026_FIFA_World_Cup_qualification_(AFC)"
"AFC_R2_F_3_VIE","AFC_R2_GF","AFC_R2","AFC","Group F","VIE","Vietnam","VIE","VN","95","2023-07-20","3","6","2","0","4","6","10","-4","6","eliminated","","FALSE","TRUE","Eliminated from World Cup qualifying","Wikipedia AFC qualification page","https://en.wikipedia.org/wiki/2026_FIFA_World_Cup_qualification_(AFC)"
"AFC_R2_F_4_PHI","AFC_R2_GF","AFC_R2","AFC","Group F","PHI","Philippines","PHI","PH","135","2023-07-20","4","6","0","1","5","3","14","-11","1","eliminated","","FALSE","TRUE","Eliminated from World Cup qualifying","Wikipedia AFC qualification page","https://en.wikipedia.org/wiki/2026_FIFA_World_Cup_qualification_(AFC)"
"AFC_R2_G_1_JOR","AFC_R2_GG","AFC_R2","AFC","Group G","JOR","Jordan","JOR","JO","82","2023-07-20","1","6","4","1","1","16","4","12","13","advanced","AFC_R3","FALSE","FALSE","Advanced to third round and 2027 AFC Asian Cup","Wikipedia AFC qualification page","https://en.wikipedia.org/wiki/2026_FIFA_World_Cup_qualification_(AFC)"
"AFC_R2_G_2_KSA","AFC_R2_GG","AFC_R2","AFC","Group G","KSA","Saudi Arabia","KSA","SA","54","2023-07-20","2","6","4","1","1","12","3","9","13","advanced","AFC_R3","FALSE","FALSE","Advanced to third round; already qualified for Asian Cup as 2027 host","Wikipedia AFC qualification page","https://en.wikipedia.org/wiki/2026_FIFA_World_Cup_qualification_(AFC)"
"AFC_R2_G_3_TJK","AFC_R2_GG","AFC_R2","AFC","Group G","TJK","Tajikistan","TJK","TJ","110","2023-07-20","3","6","2","2","2","11","7","4","8","eliminated","","FALSE","TRUE","Eliminated from World Cup qualifying","Wikipedia AFC qualification page","https://en.wikipedia.org/wiki/2026_FIFA_World_Cup_qualification_(AFC)"
"AFC_R2_G_4_PAK","AFC_R2_GG","AFC_R2","AFC","Group G","PAK","Pakistan","PAK","PK","201","2023-07-20","4","6","0","0","6","1","26","-25","0","eliminated","","FALSE","TRUE","Eliminated from World Cup qualifying","Wikipedia AFC qualification page","https://en.wikipedia.org/wiki/2026_FIFA_World_Cup_qualification_(AFC)"
"AFC_R2_H_1_UAE","AFC_R2_GH","AFC_R2","AFC","Group H","UAE","United Arab Emirates","UAE","AE","72","2023-07-20","1","6","5","1","0","16","2","14","16","advanced","AFC_R3","FALSE","FALSE","Advanced to third round and 2027 AFC Asian Cup","Wikipedia AFC qualification page","https://en.wikipedia.org/wiki/2026_FIFA_World_Cup_qualification_(AFC)"
"AFC_R2_H_2_BHR","AFC_R2_GH","AFC_R2","AFC","Group H","BHR","Bahrain","BHR","BH","86","2023-07-20","2","6","3","2","1","11","3","8","11","advanced","AFC_R3","FALSE","FALSE","Advanced to third round","Wikipedia AFC qualification page","https://en.wikipedia.org/wiki/2026_FIFA_World_Cup_qualification_(AFC)"
"AFC_R2_H_3_YEM","AFC_R2_GH","AFC_R2","AFC","Group H","YEM","Yemen","YEM","YE","156","2023-07-20","3","6","1","2","3","5","9","-4","5","eliminated","","FALSE","TRUE","Eliminated from World Cup qualifying","Wikipedia AFC qualification page","https://en.wikipedia.org/wiki/2026_FIFA_World_Cup_qualification_(AFC)"
"AFC_R2_H_4_NEP","AFC_R2_GH","AFC_R2","AFC","Group H","NEP","Nepal","NEP","NP","175","2023-07-20","4","6","0","1","5","2","20","-18","1","eliminated","","FALSE","TRUE","Eliminated from World Cup qualifying","Wikipedia AFC qualification page","https://en.wikipedia.org/wiki/2026_FIFA_World_Cup_qualification_(AFC)"
"AFC_R2_I_1_AUS","AFC_R2_GI","AFC_R2","AFC","Group I","AUS","Australia","AUS","AU","27","2023-07-20","1","6","6","0","0","22","0","22","18","advanced","AFC_R3","FALSE","FALSE","Advanced to third round and 2027 AFC Asian Cup","Wikipedia AFC qualification page","https://en.wikipedia.org/wiki/2026_FIFA_World_Cup_qualification_(AFC)"
"AFC_R2_I_2_PLE","AFC_R2_GI","AFC_R2","AFC","Group I","PLE","Palestine","PLE","PS","96","2023-07-20","2","6","2","2","2","6","6","0","8","advanced","AFC_R3","FALSE","FALSE","Advanced to third round","Wikipedia AFC qualification page","https://en.wikipedia.org/wiki/2026_FIFA_World_Cup_qualification_(AFC)"
"AFC_R2_I_3_LBN","AFC_R2_GI","AFC_R2","AFC","Group I","LBN","Lebanon","LBN","LB","100","2023-07-20","3","6","1","3","2","5","8","-3","6","eliminated","","FALSE","TRUE","Eliminated from World Cup qualifying","Wikipedia AFC qualification page","https://en.wikipedia.org/wiki/2026_FIFA_World_Cup_qualification_(AFC)"
"AFC_R2_I_4_BAN","AFC_R2_GI","AFC_R2","AFC","Group I","BAN","Bangladesh","BAN","BD","189","2023-07-20","4","6","0","1","5","1","20","-19","1","eliminated","","FALSE","TRUE","Eliminated from World Cup qualifying","Wikipedia AFC qualification page","https://en.wikipedia.org/wiki/2026_FIFA_World_Cup_qualification_(AFC)"
"AFC_R3_A_1_IRN","AFC_R3_GA","AFC_R3","AFC","Group A","IRN","Iran","IRN","IR","22","2023-07-20","1","10","7","2","1","19","8","11","23","qualified","","TRUE","FALSE","Qualified directly for World Cup","Wikipedia AFC qualification page","https://en.wikipedia.org/wiki/2026_FIFA_World_Cup_qualification_(AFC)"
"AFC_R3_A_2_UZB","AFC_R3_GA","AFC_R3","AFC","Group A","UZB","Uzbekistan","UZB","UZ","74","2023-07-20","2","10","6","3","1","14","7","7","21","qualified","","TRUE","FALSE","Qualified directly for World Cup","Wikipedia AFC qualification page","https://en.wikipedia.org/wiki/2026_FIFA_World_Cup_qualification_(AFC)"
"AFC_R3_A_3_UAE","AFC_R3_GA","AFC_R3","AFC","Group A","UAE","United Arab Emirates","UAE","AE","72","2023-07-20","3","10","4","3","3","15","8","7","15","advanced","AFC_R4","FALSE","FALSE","Advanced to fourth round","Wikipedia AFC qualification page","https://en.wikipedia.org/wiki/2026_FIFA_World_Cup_qualification_(AFC)"
"AFC_R3_A_4_QAT","AFC_R3_GA","AFC_R3","AFC","Group A","QAT","Qatar","QAT","QA","59","2023-07-20","4","10","4","1","5","17","24","-7","13","advanced","AFC_R4","FALSE","FALSE","Advanced to fourth round","Wikipedia AFC qualification page","https://en.wikipedia.org/wiki/2026_FIFA_World_Cup_qualification_(AFC)"
"AFC_R3_A_5_KGZ","AFC_R3_GA","AFC_R3","AFC","Group A","KGZ","Kyrgyzstan","KGZ","KG","97","2023-07-20","5","10","2","2","6","12","18","-6","8","eliminated","","FALSE","TRUE","Eliminated from World Cup qualifying","Wikipedia AFC qualification page","https://en.wikipedia.org/wiki/2026_FIFA_World_Cup_qualification_(AFC)"
"AFC_R3_A_6_PRK","AFC_R3_GA","AFC_R3","AFC","Group A","PRK","North Korea","PRK","KP","115","2023-07-20","6","10","0","3","7","9","21","-12","3","eliminated","","FALSE","TRUE","Eliminated from World Cup qualifying","Wikipedia AFC qualification page","https://en.wikipedia.org/wiki/2026_FIFA_World_Cup_qualification_(AFC)"
"AFC_R3_B_1_KOR","AFC_R3_GB","AFC_R3","AFC","Group B","KOR","South Korea","KOR","KR","28","2023-07-20","1","10","6","4","0","20","7","13","22","qualified","","TRUE","FALSE","Qualified directly for World Cup","Wikipedia AFC qualification page","https://en.wikipedia.org/wiki/2026_FIFA_World_Cup_qualification_(AFC)"
"AFC_R3_B_2_JOR","AFC_R3_GB","AFC_R3","AFC","Group B","JOR","Jordan","JOR","JO","82","2023-07-20","2","10","4","4","2","16","8","8","16","qualified","","TRUE","FALSE","Qualified directly for World Cup","Wikipedia AFC qualification page","https://en.wikipedia.org/wiki/2026_FIFA_World_Cup_qualification_(AFC)"
"AFC_R3_B_3_IRQ","AFC_R3_GB","AFC_R3","AFC","Group B","IRQ","Iraq","IRQ","IQ","70","2023-07-20","3","10","4","3","3","9","9","0","15","advanced","AFC_R4","FALSE","FALSE","Advanced to fourth round","Wikipedia AFC qualification page","https://en.wikipedia.org/wiki/2026_FIFA_World_Cup_qualification_(AFC)"
"AFC_R3_B_4_OMA","AFC_R3_GB","AFC_R3","AFC","Group B","OMA","Oman","OMA","OM","73","2023-07-20","4","10","3","2","5","9","14","-5","11","advanced","AFC_R4","FALSE","FALSE","Advanced to fourth round","Wikipedia AFC qualification page","https://en.wikipedia.org/wiki/2026_FIFA_World_Cup_qualification_(AFC)"
"AFC_R3_B_5_PLE","AFC_R3_GB","AFC_R3","AFC","Group B","PLE","Palestine","PLE","PS","96","2023-07-20","5","10","2","4","4","10","13","-3","10","eliminated","","FALSE","TRUE","Eliminated from World Cup qualifying","Wikipedia AFC qualification page","https://en.wikipedia.org/wiki/2026_FIFA_World_Cup_qualification_(AFC)"
"AFC_R3_B_6_KUW","AFC_R3_GB","AFC_R3","AFC","Group B","KUW","Kuwait","KUW","KW","137","2023-07-20","6","10","0","5","5","7","20","-13","5","eliminated","","FALSE","TRUE","Eliminated from World Cup qualifying","Wikipedia AFC qualification page","https://en.wikipedia.org/wiki/2026_FIFA_World_Cup_qualification_(AFC)"
"AFC_R3_C_1_JPN","AFC_R3_GC","AFC_R3","AFC","Group C","JPN","Japan","JPN","JP","20","2023-07-20","1","10","7","2","1","30","3","27","23","qualified","","TRUE","FALSE","Qualified directly for World Cup","Wikipedia AFC qualification page","https://en.wikipedia.org/wiki/2026_FIFA_World_Cup_qualification_(AFC)"
"AFC_R3_C_2_AUS","AFC_R3_GC","AFC_R3","AFC","Group C","AUS","Australia","AUS","AU","27","2023-07-20","2","10","5","4","1","16","7","9","19","qualified","","TRUE","FALSE","Qualified directly for World Cup","Wikipedia AFC qualification page","https://en.wikipedia.org/wiki/2026_FIFA_World_Cup_qualification_(AFC)"
"AFC_R3_C_3_KSA","AFC_R3_GC","AFC_R3","AFC","Group C","KSA","Saudi Arabia","KSA","SA","54","2023-07-20","3","10","3","4","3","7","8","-1","13","advanced","AFC_R4","FALSE","FALSE","Advanced to fourth round","Wikipedia AFC qualification page","https://en.wikipedia.org/wiki/2026_FIFA_World_Cup_qualification_(AFC)"
"AFC_R3_C_4_IDN","AFC_R3_GC","AFC_R3","AFC","Group C","IDN","Indonesia","IDN","ID","150","2023-07-20","4","10","3","3","4","9","20","-11","12","advanced","AFC_R4","FALSE","FALSE","Advanced to fourth round","Wikipedia AFC qualification page","https://en.wikipedia.org/wiki/2026_FIFA_World_Cup_qualification_(AFC)"
"AFC_R3_C_5_CHN","AFC_R3_GC","AFC_R3","AFC","Group C","CHN","China","CHN","CN","80","2023-07-20","5","10","3","0","7","7","20","-13","9","eliminated","","FALSE","TRUE","Eliminated from World Cup qualifying","Wikipedia AFC qualification page","https://en.wikipedia.org/wiki/2026_FIFA_World_Cup_qualification_(AFC)"
"AFC_R3_C_6_BHR","AFC_R3_GC","AFC_R3","AFC","Group C","BHR","Bahrain","BHR","BH","86","2023-07-20","6","10","1","3","6","5","16","-11","6","eliminated","","FALSE","TRUE","Eliminated from World Cup qualifying","Wikipedia AFC qualification page","https://en.wikipedia.org/wiki/2026_FIFA_World_Cup_qualification_(AFC)"
"AFC_R4_A_1_QAT","AFC_R4_GA","AFC_R4","AFC","Group A","QAT","Qatar","QAT","QA","59","2023-07-20","1","2","1","1","0","2","1","1","4","qualified","","TRUE","FALSE","Qualified for World Cup as fourth round Group A winner","Wikipedia AFC qualification page","https://en.wikipedia.org/wiki/2026_FIFA_World_Cup_qualification_(AFC)"
"AFC_R4_A_2_UAE","AFC_R4_GA","AFC_R4","AFC","Group A","UAE","United Arab Emirates","UAE","AE","72","2023-07-20","2","2","1","0","1","3","3","0","3","advanced","AFC_R5","FALSE","FALSE","Advanced to fifth round","Wikipedia AFC qualification page","https://en.wikipedia.org/wiki/2026_FIFA_World_Cup_qualification_(AFC)"
"AFC_R4_A_3_OMA","AFC_R4_GA","AFC_R4","AFC","Group A","OMA","Oman","OMA","OM","73","2023-07-20","3","2","0","1","1","1","2","-1","1","eliminated","","FALSE","TRUE","Eliminated from World Cup qualifying","Wikipedia AFC qualification page","https://en.wikipedia.org/wiki/2026_FIFA_World_Cup_qualification_(AFC)"
"AFC_R4_B_1_KSA","AFC_R4_GB","AFC_R4","AFC","Group B","KSA","Saudi Arabia","KSA","SA","54","2023-07-20","1","2","1","1","0","3","2","1","4","qualified","","TRUE","FALSE","Qualified for World Cup as fourth round Group B winner","Wikipedia AFC qualification page","https://en.wikipedia.org/wiki/2026_FIFA_World_Cup_qualification_(AFC)"
"AFC_R4_B_2_IRQ","AFC_R4_GB","AFC_R4","AFC","Group B","IRQ","Iraq","IRQ","IQ","70","2023-07-20","2","2","1","1","0","1","0","1","4","advanced","AFC_R5","FALSE","FALSE","Advanced to fifth round","Wikipedia AFC qualification page","https://en.wikipedia.org/wiki/2026_FIFA_World_Cup_qualification_(AFC)"
"AFC_R4_B_3_IDN","AFC_R4_GB","AFC_R4","AFC","Group B","IDN","Indonesia","IDN","ID","150","2023-07-20","3","2","0","0","2","2","4","-2","0","eliminated","","FALSE","TRUE","Eliminated from World Cup qualifying","Wikipedia AFC qualification page","https://en.wikipedia.org/wiki/2026_FIFA_World_Cup_qualification_(AFC)"
"caf_r1_a_1","caf_r1_group_a","caf_2026_first_round","CAF","","caf_egy","Egypt","EGY","EG","34","2023-06-30","1","10","8","2","0","20","2","18","26","qualified","","TRUE","FALSE","Group winner; direct World Cup qualifier.","FIFA / Wikipedia / Sky Sports","https://en.wikipedia.org/wiki/2026_FIFA_World_Cup_qualification_(CAF)"
"caf_r1_a_2","caf_r1_group_a","caf_2026_first_round","CAF","","caf_bfa","Burkina Faso","BFA","BF","55","2023-06-30","2","10","6","3","1","23","8","15","21","eliminated","","FALSE","TRUE","Runner-up; fifth in runners-up ranking, missed CAF playoff.","FIFA / Wikipedia / Sky Sports","https://en.wikipedia.org/wiki/2026_FIFA_World_Cup_qualification_(CAF)"
"caf_r1_a_3","caf_r1_group_a","caf_2026_first_round","CAF","","caf_sle","Sierra Leone","SLE","SL","120","2023-06-30","3","10","4","3","3","12","10","2","15","eliminated","","FALSE","TRUE","Eliminated in first round.","FIFA / Wikipedia / Sky Sports","https://en.wikipedia.org/wiki/2026_FIFA_World_Cup_qualification_(CAF)"
"caf_r1_a_4","caf_r1_group_a","caf_2026_first_round","CAF","","caf_gnb","Guinea-Bissau","GNB","GW","111","2023-06-30","4","10","2","4","4","8","10","-2","10","eliminated","","FALSE","TRUE","Eliminated in first round.","FIFA / Wikipedia / Sky Sports","https://en.wikipedia.org/wiki/2026_FIFA_World_Cup_qualification_(CAF)"
"caf_r1_a_5","caf_r1_group_a","caf_2026_first_round","CAF","","caf_eth","Ethiopia","ETH","ET","143","2023-06-30","5","10","2","3","5","9","14","-5","9","eliminated","","FALSE","TRUE","Eliminated in first round.","FIFA / Wikipedia / Sky Sports","https://en.wikipedia.org/wiki/2026_FIFA_World_Cup_qualification_(CAF)"
"caf_r1_a_6","caf_r1_group_a","caf_2026_first_round","CAF","","caf_dji","Djibouti","DJI","DJ","193","2023-06-30","6","10","0","1","9","5","33","-28","1","eliminated","","FALSE","TRUE","Eliminated in first round.","FIFA / Wikipedia / Sky Sports","https://en.wikipedia.org/wiki/2026_FIFA_World_Cup_qualification_(CAF)"
"caf_r1_b_1","caf_r1_group_b","caf_2026_first_round","CAF","","caf_sen","Senegal","SEN","SN","18","2023-06-30","1","10","7","3","0","22","3","19","24","qualified","","TRUE","FALSE","Group winner; direct World Cup qualifier.","FIFA / Wikipedia / Sky Sports","https://en.wikipedia.org/wiki/2026_FIFA_World_Cup_qualification_(CAF)"
"caf_r1_b_2","caf_r1_group_b","caf_2026_first_round","CAF","","caf_cod","DR Congo","COD","CD","69","2023-06-30","2","10","7","1","2","15","6","9","22","advanced","caf_2026_second_round","TRUE","FALSE","Runner-up; advanced to CAF playoff, later qualified via inter-confederation playoff.","FIFA / Wikipedia / Sky Sports","https://en.wikipedia.org/wiki/2026_FIFA_World_Cup_qualification_(CAF)"
"caf_r1_b_3","caf_r1_group_b","caf_2026_first_round","CAF","","caf_sdn","Sudan","SDN","SD","131","2023-06-30","3","10","3","4","3","8","6","2","13","eliminated","","FALSE","TRUE","Eliminated in first round.","FIFA / Wikipedia / Sky Sports","https://en.wikipedia.org/wiki/2026_FIFA_World_Cup_qualification_(CAF)"
"caf_r1_b_4","caf_r1_group_b","caf_2026_first_round","CAF","","caf_tog","Togo","TOG","TG","122","2023-06-30","4","10","1","5","4","5","10","-5","8","eliminated","","FALSE","TRUE","Eliminated in first round.","FIFA / Wikipedia / Sky Sports","https://en.wikipedia.org/wiki/2026_FIFA_World_Cup_qualification_(CAF)"
"caf_r1_b_5","caf_r1_group_b","caf_2026_first_round","CAF","","caf_mtn","Mauritania","MTN","MR","99","2023-06-30","5","10","1","4","5","4","13","-9","7","eliminated","","FALSE","TRUE","Eliminated in first round.","FIFA / Wikipedia / Sky Sports","https://en.wikipedia.org/wiki/2026_FIFA_World_Cup_qualification_(CAF)"
"caf_r1_b_6","caf_r1_group_b","caf_2026_first_round","CAF","","caf_ssd","South Sudan","SSD","SS","168","2023-06-30","6","10","0","5","5","3","19","-16","5","eliminated","","FALSE","TRUE","Eliminated in first round.","FIFA / Wikipedia / Sky Sports","https://en.wikipedia.org/wiki/2026_FIFA_World_Cup_qualification_(CAF)"
"caf_r1_c_1","caf_r1_group_c","caf_2026_first_round","CAF","","caf_rsa","South Africa","RSA","ZA","62","2023-06-30","1","10","5","3","2","15","9","6","18","qualified","","TRUE","FALSE","Group winner; direct World Cup qualifier. South Africa had one result forfeited against Lesotho.","FIFA / Wikipedia / Sky Sports","https://en.wikipedia.org/wiki/2026_FIFA_World_Cup_qualification_(CAF)"
"caf_r1_c_2","caf_r1_group_c","caf_2026_first_round","CAF","","caf_nga","Nigeria","NGA","NG","39","2023-06-30","2","10","4","5","1","15","8","7","17","advanced","caf_2026_second_round","FALSE","FALSE","Runner-up; advanced to CAF playoff, lost final to DR Congo on penalties.","FIFA / Wikipedia / Sky Sports","https://en.wikipedia.org/wiki/2026_FIFA_World_Cup_qualification_(CAF)"
"caf_r1_c_3","caf_r1_group_c","caf_2026_first_round","CAF","","caf_ben","Benin","BEN","BJ","93","2023-06-30","3","10","5","2","3","12","11","1","17","eliminated","","FALSE","TRUE","Eliminated in first round.","FIFA / Wikipedia / Sky Sports","https://en.wikipedia.org/wiki/2026_FIFA_World_Cup_qualification_(CAF)"
"caf_r1_c_4","caf_r1_group_c","caf_2026_first_round","CAF","","caf_les","Lesotho","LES","LS","152","2023-06-30","4","10","3","3","4","9","12","-3","12","eliminated","","FALSE","TRUE","Eliminated in first round.","FIFA / Wikipedia / Sky Sports","https://en.wikipedia.org/wiki/2026_FIFA_World_Cup_qualification_(CAF)"
"caf_r1_c_5","caf_r1_group_c","caf_2026_first_round","CAF","","caf_rwa","Rwanda","RWA","RW","139","2023-06-30","5","10","3","2","5","5","9","-4","11","eliminated","","FALSE","TRUE","Eliminated in first round.","FIFA / Wikipedia / Sky Sports","https://en.wikipedia.org/wiki/2026_FIFA_World_Cup_qualification_(CAF)"
"caf_r1_c_6","caf_r1_group_c","caf_2026_first_round","CAF","","caf_zim","Zimbabwe","ZIM","ZW","124","2023-06-30","6","10","0","5","5","5","12","-7","5","eliminated","","FALSE","TRUE","Eliminated in first round.","FIFA / Wikipedia / Sky Sports","https://en.wikipedia.org/wiki/2026_FIFA_World_Cup_qualification_(CAF)"
"caf_r1_d_1","caf_r1_group_d","caf_2026_first_round","CAF","","caf_cpv","Cape Verde","CPV","CV","66","2023-06-30","1","10","7","2","1","16","8","8","23","qualified","","TRUE","FALSE","Group winner; direct World Cup qualifier.","FIFA / Wikipedia / Sky Sports","https://en.wikipedia.org/wiki/2026_FIFA_World_Cup_qualification_(CAF)"
"caf_r1_d_2","caf_r1_group_d","caf_2026_first_round","CAF","","caf_cmr","Cameroon","CMR","CM","43","2023-06-30","2","10","5","4","1","17","5","12","19","advanced","caf_2026_second_round","FALSE","FALSE","Runner-up; advanced to CAF playoff, lost semi-final to DR Congo.","FIFA / Wikipedia / Sky Sports","https://en.wikipedia.org/wiki/2026_FIFA_World_Cup_qualification_(CAF)"
"caf_r1_d_3","caf_r1_group_d","caf_2026_first_round","CAF","","caf_lby","Libya","LBY","LY","127","2023-06-30","3","10","4","4","2","12","10","2","16","eliminated","","FALSE","TRUE","Eliminated in first round.","FIFA / Wikipedia / Sky Sports","https://en.wikipedia.org/wiki/2026_FIFA_World_Cup_qualification_(CAF)"
"caf_r1_d_4","caf_r1_group_d","caf_2026_first_round","CAF","","caf_ang","Angola","ANG","AO","114","2023-06-30","4","10","2","6","2","9","8","1","12","eliminated","","FALSE","TRUE","Eliminated in first round.","FIFA / Wikipedia / Sky Sports","https://en.wikipedia.org/wiki/2026_FIFA_World_Cup_qualification_(CAF)"
"caf_r1_d_5","caf_r1_group_d","caf_2026_first_round","CAF","","caf_mri","Mauritius","MRI","MU","180","2023-06-30","5","10","1","3","6","7","17","-10","6","eliminated","","FALSE","TRUE","Eliminated in first round.","FIFA / Wikipedia / Sky Sports","https://en.wikipedia.org/wiki/2026_FIFA_World_Cup_qualification_(CAF)"
"caf_r1_d_6","caf_r1_group_d","caf_2026_first_round","CAF","","caf_swz","Eswatini","SWZ","SZ","146","2023-06-30","6","10","0","3","7","6","19","-13","3","eliminated","","FALSE","TRUE","Eliminated in first round.","FIFA / Wikipedia / Sky Sports","https://en.wikipedia.org/wiki/2026_FIFA_World_Cup_qualification_(CAF)"
"caf_r1_e_1","caf_r1_group_e","caf_2026_first_round","CAF","","caf_mar","Morocco","MAR","MA","13","2023-06-30","1","8","8","0","0","22","2","20","24","qualified","","TRUE","FALSE","Group winner; direct World Cup qualifier.","FIFA / Wikipedia / Sky Sports","https://en.wikipedia.org/wiki/2026_FIFA_World_Cup_qualification_(CAF)"
"caf_r1_e_2","caf_r1_group_e","caf_2026_first_round","CAF","","caf_nig","Niger","NIG","NE","128","2023-06-30","2","8","5","0","3","11","10","1","15","eliminated","","FALSE","TRUE","Runner-up; sixth in runners-up ranking, missed CAF playoff.","FIFA / Wikipedia / Sky Sports","https://en.wikipedia.org/wiki/2026_FIFA_World_Cup_qualification_(CAF)"
"caf_r1_e_3","caf_r1_group_e","caf_2026_first_round","CAF","","caf_tan","Tanzania","TAN","TZ","123","2023-06-30","3","8","3","1","4","6","7","-1","10","eliminated","","FALSE","TRUE","Eliminated in first round.","FIFA / Wikipedia / Sky Sports","https://en.wikipedia.org/wiki/2026_FIFA_World_Cup_qualification_(CAF)"
"caf_r1_e_4","caf_r1_group_e","caf_2026_first_round","CAF","","caf_zam","Zambia","ZAM","ZM","84","2023-06-30","4","8","3","0","5","10","10","0","9","eliminated","","FALSE","TRUE","Eliminated in first round.","FIFA / Wikipedia / Sky Sports","https://en.wikipedia.org/wiki/2026_FIFA_World_Cup_qualification_(CAF)"
"caf_r1_e_5","caf_r1_group_e","caf_2026_first_round","CAF","","caf_cgo","Congo","CGO","CG","106","2023-06-30","5","8","0","1","7","4","24","-20","1","eliminated","","FALSE","TRUE","Eliminated in first round; qualification affected by suspension/forfeits.","FIFA / Wikipedia / Sky Sports","https://en.wikipedia.org/wiki/2026_FIFA_World_Cup_qualification_(CAF)"
"caf_r1_e_6","caf_r1_group_e","caf_2026_first_round","CAF","","caf_eri","Eritrea","ERI","ER","198","2023-06-30","6","0","0","0","0","0","0","0","0","withdrew","","FALSE","TRUE","Withdrew after the draw; all matches cancelled.","FIFA / Wikipedia / Sky Sports","https://en.wikipedia.org/wiki/2026_FIFA_World_Cup_qualification_(CAF)"
"caf_r1_f_1","caf_r1_group_f","caf_2026_first_round","CAF","","caf_civ","Ivory Coast","CIV","CI","51","2023-06-30","1","10","8","2","0","25","0","25","26","qualified","","TRUE","FALSE","Group winner; direct World Cup qualifier.","FIFA / Wikipedia / Sky Sports","https://en.wikipedia.org/wiki/2026_FIFA_World_Cup_qualification_(CAF)"
"caf_r1_f_2","caf_r1_group_f","caf_2026_first_round","CAF","","caf_gab","Gabon","GAB","GA","85","2023-06-30","2","10","8","1","1","22","9","13","25","advanced","caf_2026_second_round","FALSE","FALSE","Runner-up; advanced to CAF playoff, lost semi-final to Nigeria after extra time.","FIFA / Wikipedia / Sky Sports","https://en.wikipedia.org/wiki/2026_FIFA_World_Cup_qualification_(CAF)"
"caf_r1_f_3","caf_r1_group_f","caf_2026_first_round","CAF","","caf_gam","Gambia","GAM","GM","119","2023-06-30","3","10","4","1","5","27","18","9","13","eliminated","","FALSE","TRUE","Eliminated in first round.","FIFA / Wikipedia / Sky Sports","https://en.wikipedia.org/wiki/2026_FIFA_World_Cup_qualification_(CAF)"
"caf_r1_f_4","caf_r1_group_f","caf_2026_first_round","CAF","","caf_ken","Kenya","KEN","KE","105","2023-06-30","4","10","3","3","4","18","14","4","12","eliminated","","FALSE","TRUE","Eliminated in first round.","FIFA / Wikipedia / Sky Sports","https://en.wikipedia.org/wiki/2026_FIFA_World_Cup_qualification_(CAF)"
"caf_r1_f_5","caf_r1_group_f","caf_2026_first_round","CAF","","caf_bdi","Burundi","BDI","BI","140","2023-06-30","5","10","3","1","6","13","13","0","10","eliminated","","FALSE","TRUE","Eliminated in first round.","FIFA / Wikipedia / Sky Sports","https://en.wikipedia.org/wiki/2026_FIFA_World_Cup_qualification_(CAF)"
"caf_r1_f_6","caf_r1_group_f","caf_2026_first_round","CAF","","caf_sey","Seychelles","SEY","SC","196","2023-06-30","6","10","0","0","10","2","53","-51","0","eliminated","","FALSE","TRUE","Eliminated in first round.","FIFA / Wikipedia / Sky Sports","https://en.wikipedia.org/wiki/2026_FIFA_World_Cup_qualification_(CAF)"
"caf_r1_g_1","caf_r1_group_g","caf_2026_first_round","CAF","","caf_alg","Algeria","ALG","DZ","33","2023-06-30","1","10","8","1","1","24","8","16","25","qualified","","TRUE","FALSE","Group winner; direct World Cup qualifier.","FIFA / Wikipedia / Sky Sports","https://en.wikipedia.org/wiki/2026_FIFA_World_Cup_qualification_(CAF)"
"caf_r1_g_2","caf_r1_group_g","caf_2026_first_round","CAF","","caf_uga","Uganda","UGA","UG","92","2023-06-30","2","10","6","0","4","14","9","5","18","eliminated","","FALSE","TRUE","Runner-up; eighth in runners-up ranking, missed CAF playoff.","FIFA / Wikipedia / Sky Sports","https://en.wikipedia.org/wiki/2026_FIFA_World_Cup_qualification_(CAF)"
"caf_r1_g_3","caf_r1_group_g","caf_2026_first_round","CAF","","caf_moz","Mozambique","MOZ","MZ","117","2023-06-30","3","10","6","0","4","14","17","-3","18","eliminated","","FALSE","TRUE","Eliminated in first round.","FIFA / Wikipedia / Sky Sports","https://en.wikipedia.org/wiki/2026_FIFA_World_Cup_qualification_(CAF)"
"caf_r1_g_4","caf_r1_group_g","caf_2026_first_round","CAF","","caf_gui","Guinea","GUI","GN","80","2023-06-30","4","10","4","3","3","11","8","3","15","eliminated","","FALSE","TRUE","Eliminated in first round.","FIFA / Wikipedia / Sky Sports","https://en.wikipedia.org/wiki/2026_FIFA_World_Cup_qualification_(CAF)"
"caf_r1_g_5","caf_r1_group_g","caf_2026_first_round","CAF","","caf_bot","Botswana","BOT","BW","147","2023-06-30","5","10","3","1","6","12","16","-4","10","eliminated","","FALSE","TRUE","Eliminated in first round.","FIFA / Wikipedia / Sky Sports","https://en.wikipedia.org/wiki/2026_FIFA_World_Cup_qualification_(CAF)"
"caf_r1_g_6","caf_r1_group_g","caf_2026_first_round","CAF","","caf_som","Somalia","SOM","SO","199","2023-06-30","6","10","0","1","9","3","20","-17","1","eliminated","","FALSE","TRUE","Eliminated in first round.","FIFA / Wikipedia / Sky Sports","https://en.wikipedia.org/wiki/2026_FIFA_World_Cup_qualification_(CAF)"
"caf_r1_h_1","caf_r1_group_h","caf_2026_first_round","CAF","","caf_tun","Tunisia","TUN","TN","31","2023-06-30","1","10","9","1","0","22","0","22","28","qualified","","TRUE","FALSE","Group winner; direct World Cup qualifier.","FIFA / Wikipedia / Sky Sports","https://en.wikipedia.org/wiki/2026_FIFA_World_Cup_qualification_(CAF)"
"caf_r1_h_2","caf_r1_group_h","caf_2026_first_round","CAF","","caf_nam","Namibia","NAM","NA","112","2023-06-30","2","10","4","3","3","13","10","3","15","eliminated","","FALSE","TRUE","Runner-up; ninth in runners-up ranking, missed CAF playoff.","FIFA / Wikipedia / Sky Sports","https://en.wikipedia.org/wiki/2026_FIFA_World_Cup_qualification_(CAF)"
"caf_r1_h_3","caf_r1_group_h","caf_2026_first_round","CAF","","caf_lbr","Liberia","LBR","LR","148","2023-06-30","3","10","4","3","3","13","11","2","15","eliminated","","FALSE","TRUE","Eliminated in first round.","FIFA / Wikipedia / Sky Sports","https://en.wikipedia.org/wiki/2026_FIFA_World_Cup_qualification_(CAF)"
"caf_r1_h_4","caf_r1_group_h","caf_2026_first_round","CAF","","caf_mwi","Malawi","MWI","MW","126","2023-06-30","4","10","4","1","5","11","10","1","13","eliminated","","FALSE","TRUE","Eliminated in first round.","FIFA / Wikipedia / Sky Sports","https://en.wikipedia.org/wiki/2026_FIFA_World_Cup_qualification_(CAF)"
"caf_r1_h_5","caf_r1_group_h","caf_2026_first_round","CAF","","caf_eqg","Equatorial Guinea","EQG","GQ","91","2023-06-30","5","10","3","2","5","8","15","-7","11","eliminated","","FALSE","TRUE","Eliminated in first round; forfeited matches after ineligible-player case and later match cancellation/forfeit.","FIFA / Wikipedia / Sky Sports","https://en.wikipedia.org/wiki/2026_FIFA_World_Cup_qualification_(CAF)"
"caf_r1_h_6","caf_r1_group_h","caf_2026_first_round","CAF","","caf_stp","São Tomé and Príncipe","STP","ST","187","2023-06-30","6","10","1","0","9","5","26","-21","3","eliminated","","FALSE","TRUE","Eliminated in first round.","FIFA / Wikipedia / Sky Sports","https://en.wikipedia.org/wiki/2026_FIFA_World_Cup_qualification_(CAF)"
"caf_r1_i_1","caf_r1_group_i","caf_2026_first_round","CAF","","caf_gha","Ghana","GHA","GH","59","2023-06-30","1","10","8","1","1","23","6","17","25","qualified","","TRUE","FALSE","Group winner; direct World Cup qualifier.","FIFA / Wikipedia / Sky Sports","https://en.wikipedia.org/wiki/2026_FIFA_World_Cup_qualification_(CAF)"
"caf_r1_i_2","caf_r1_group_i","caf_2026_first_round","CAF","","caf_mad","Madagascar","MAD","MG","107","2023-06-30","2","10","6","1","3","17","12","5","19","eliminated","","FALSE","TRUE","Runner-up; seventh in runners-up ranking, missed CAF playoff.","FIFA / Wikipedia / Sky Sports","https://en.wikipedia.org/wiki/2026_FIFA_World_Cup_qualification_(CAF)"
"caf_r1_i_3","caf_r1_group_i","caf_2026_first_round","CAF","","caf_mli","Mali","MLI","ML","50","2023-06-30","3","10","5","3","2","17","6","11","18","eliminated","","FALSE","TRUE","Eliminated in first round.","FIFA / Wikipedia / Sky Sports","https://en.wikipedia.org/wiki/2026_FIFA_World_Cup_qualification_(CAF)"
"caf_r1_i_4","caf_r1_group_i","caf_2026_first_round","CAF","","caf_com","Comoros","COM","KM","130","2023-06-30","4","10","5","0","5","12","13","-1","15","eliminated","","FALSE","TRUE","Eliminated in first round.","FIFA / Wikipedia / Sky Sports","https://en.wikipedia.org/wiki/2026_FIFA_World_Cup_qualification_(CAF)"
"caf_r1_i_5","caf_r1_group_i","caf_2026_first_round","CAF","","caf_cta","Central African Republic","CTA","CF","125","2023-06-30","5","10","2","2","6","11","24","-13","8","eliminated","","FALSE","TRUE","Eliminated in first round.","FIFA / Wikipedia / Sky Sports","https://en.wikipedia.org/wiki/2026_FIFA_World_Cup_qualification_(CAF)"
"caf_r1_i_6","caf_r1_group_i","caf_2026_first_round","CAF","","caf_cha","Chad","CHA","TD","181","2023-06-30","6","10","0","1","9","5","24","-19","1","eliminated","","FALSE","TRUE","Eliminated in first round.","FIFA / Wikipedia / Sky Sports","https://en.wikipedia.org/wiki/2026_FIFA_World_Cup_qualification_(CAF)"
"CONCACAF_R2_A_1_HON","CONCACAF_R2_GA","CONCACAF_R2","CONCACAF","","HON","Honduras","HON","HN","76","2023-12-21","1","4","4","0","0","12","2","10","12","advanced","CONCACAF_R3","False","False","","FIFA / Wikipedia","https://en.wikipedia.org/wiki/2026_FIFA_World_Cup_qualification_%E2%80%93_CONCACAF_second_round"
"CONCACAF_R2_A_2_BER","CONCACAF_R2_GA","CONCACAF_R2","CONCACAF","","BER","Bermuda","BER","BM","171","2023-12-21","2","4","2","1","1","9","8","1","7","advanced","CONCACAF_R3","False","False","","FIFA / Wikipedia","https://en.wikipedia.org/wiki/2026_FIFA_World_Cup_qualification_%E2%80%93_CONCACAF_second_round"
"CONCACAF_R2_A_3_CUB","CONCACAF_R2_GA","CONCACAF_R2","CONCACAF","","CUB","Cuba","CUB","CU","169","2023-12-21","3","4","2","0","2","6","5","1","6","eliminated","","False","True","","FIFA / Wikipedia","https://en.wikipedia.org/wiki/2026_FIFA_World_Cup_qualification_%E2%80%93_CONCACAF_second_round"
"CONCACAF_R2_A_4_CAY","CONCACAF_R2_GA","CONCACAF_R2","CONCACAF","","CAY","Cayman Islands","CAY","KY","197","2023-12-21","4","4","1","0","3","1","9","-8","3","eliminated","","False","True","","FIFA / Wikipedia","https://en.wikipedia.org/wiki/2026_FIFA_World_Cup_qualification_%E2%80%93_CONCACAF_second_round"
"CONCACAF_R2_A_5_ATG","CONCACAF_R2_GA","CONCACAF_R2","CONCACAF","","ATG","Antigua and Barbuda","ATG","AG","142","2023-12-21","5","4","0","1","3","1","5","-4","1","eliminated","","False","True","","FIFA / Wikipedia","https://en.wikipedia.org/wiki/2026_FIFA_World_Cup_qualification_%E2%80%93_CONCACAF_second_round"
"CONCACAF_R2_B_1_CRC","CONCACAF_R2_GB","CONCACAF_R2","CONCACAF","","CRC","Costa Rica","CRC","CR","52","2023-12-21","1","4","4","0","0","17","1","16","12","advanced","CONCACAF_R3","False","False","","FIFA / Wikipedia","https://en.wikipedia.org/wiki/2026_FIFA_World_Cup_qualification_%E2%80%93_CONCACAF_second_round"
"CONCACAF_R2_B_2_TRI","CONCACAF_R2_GB","CONCACAF_R2","CONCACAF","","TRI","Trinidad and Tobago","TRI","TT","96","2023-12-21","2","4","2","1","1","16","7","9","7","advanced","CONCACAF_R3","False","False","","FIFA / Wikipedia","https://en.wikipedia.org/wiki/2026_FIFA_World_Cup_qualification_%E2%80%93_CONCACAF_second_round"
"CONCACAF_R2_B_3_GRN","CONCACAF_R2_GB","CONCACAF_R2","CONCACAF","","GRN","Grenada","GRN","GD","174","2023-12-21","3","4","2","1","1","11","7","4","7","eliminated","","False","True","","FIFA / Wikipedia","https://en.wikipedia.org/wiki/2026_FIFA_World_Cup_qualification_%E2%80%93_CONCACAF_second_round"
"CONCACAF_R2_B_4_SKN","CONCACAF_R2_GB","CONCACAF_R2","CONCACAF","","SKN","Saint Kitts and Nevis","SKN","KN","147","2023-12-21","4","4","1","0","3","5","13","-8","3","eliminated","","False","True","","FIFA / Wikipedia","https://en.wikipedia.org/wiki/2026_FIFA_World_Cup_qualification_%E2%80%93_CONCACAF_second_round"
"CONCACAF_R2_B_5_BAH","CONCACAF_R2_GB","CONCACAF_R2","CONCACAF","","BAH","Bahamas","BAH","BS","202","2023-12-21","5","4","0","0","4","1","22","-21","0","eliminated","","False","True","","FIFA / Wikipedia","https://en.wikipedia.org/wiki/2026_FIFA_World_Cup_qualification_%E2%80%93_CONCACAF_second_round"
"CONCACAF_R2_C_1_CUW","CONCACAF_R2_GC","CONCACAF_R2","CONCACAF","","CUW","Curaçao","CUW","CW","90","2023-12-21","1","4","4","0","0","15","2","13","12","advanced","CONCACAF_R3","False","False","","FIFA / Wikipedia","https://en.wikipedia.org/wiki/2026_FIFA_World_Cup_qualification_%E2%80%93_CONCACAF_second_round"
"CONCACAF_R2_C_2_HAI","CONCACAF_R2_GC","CONCACAF_R2","CONCACAF","","HAI","Haiti","HAI","HT","89","2023-12-21","2","4","3","0","1","11","7","4","9","advanced","CONCACAF_R3","False","False","","FIFA / Wikipedia","https://en.wikipedia.org/wiki/2026_FIFA_World_Cup_qualification_%E2%80%93_CONCACAF_second_round"
"CONCACAF_R2_C_3_LCA","CONCACAF_R2_GC","CONCACAF_R2","CONCACAF","","LCA","Saint Lucia","LCA","LC","167","2023-12-21","3","4","1","1","2","5","9","-4","4","eliminated","","False","True","","FIFA / Wikipedia","https://en.wikipedia.org/wiki/2026_FIFA_World_Cup_qualification_%E2%80%93_CONCACAF_second_round"
"CONCACAF_R2_C_4_ARU","CONCACAF_R2_GC","CONCACAF_R2","CONCACAF","","ARU","Aruba","ARU","AW","193","2023-12-21","4","4","0","2","2","3","10","-7","2","eliminated","","False","True","","FIFA / Wikipedia","https://en.wikipedia.org/wiki/2026_FIFA_World_Cup_qualification_%E2%80%93_CONCACAF_second_round"
"CONCACAF_R2_C_5_BRB","CONCACAF_R2_GC","CONCACAF_R2","CONCACAF","","BRB","Barbados","BRB","BB","178","2023-12-21","5","4","0","1","3","4","10","-6","1","eliminated","","False","True","","FIFA / Wikipedia","https://en.wikipedia.org/wiki/2026_FIFA_World_Cup_qualification_%E2%80%93_CONCACAF_second_round"
"CONCACAF_R2_D_1_PAN","CONCACAF_R2_GD","CONCACAF_R2","CONCACAF","","PAN","Panama","PAN","PA","41","2023-12-21","1","4","4","0","0","10","1","9","12","advanced","CONCACAF_R3","False","False","","FIFA / Wikipedia","https://en.wikipedia.org/wiki/2026_FIFA_World_Cup_qualification_%E2%80%93_CONCACAF_second_round"
"CONCACAF_R2_D_2_NCA","CONCACAF_R2_GD","CONCACAF_R2","CONCACAF","","NCA","Nicaragua","NCA","NI","134","2023-12-21","2","4","3","0","1","9","4","5","9","advanced","CONCACAF_R3","False","False","","FIFA / Wikipedia","https://en.wikipedia.org/wiki/2026_FIFA_World_Cup_qualification_%E2%80%93_CONCACAF_second_round"
"CONCACAF_R2_D_3_GUY","CONCACAF_R2_GD","CONCACAF_R2","CONCACAF","","GUY","Guyana","GUY","GY","157","2023-12-21","3","4","2","0","2","6","4","2","6","eliminated","","False","True","","FIFA / Wikipedia","https://en.wikipedia.org/wiki/2026_FIFA_World_Cup_qualification_%E2%80%93_CONCACAF_second_round"
"CONCACAF_R2_D_4_MSR","CONCACAF_R2_GD","CONCACAF_R2","CONCACAF","","MSR","Montserrat","MSR","MS","176","2023-12-21","4","4","1","0","3","3","10","-7","3","eliminated","","False","True","","FIFA / Wikipedia","https://en.wikipedia.org/wiki/2026_FIFA_World_Cup_qualification_%E2%80%93_CONCACAF_second_round"
"CONCACAF_R2_D_5_BLZ","CONCACAF_R2_GD","CONCACAF_R2","CONCACAF","","BLZ","Belize","BLZ","BZ","182","2023-12-21","5","4","0","0","4","1","10","-9","0","eliminated","","False","True","","FIFA / Wikipedia","https://en.wikipedia.org/wiki/2026_FIFA_World_Cup_qualification_%E2%80%93_CONCACAF_second_round"
"CONCACAF_R2_E_1_JAM","CONCACAF_R2_GE","CONCACAF_R2","CONCACAF","","JAM","Jamaica","JAM","JM","55","2023-12-21","1","4","4","0","0","8","2","6","12","advanced","CONCACAF_R3","False","False","","FIFA / Wikipedia","https://en.wikipedia.org/wiki/2026_FIFA_World_Cup_qualification_%E2%80%93_CONCACAF_second_round"
"CONCACAF_R2_E_2_GUA","CONCACAF_R2_GE","CONCACAF_R2","CONCACAF","","GUA","Guatemala","GUA","GT","108","2023-12-21","2","4","3","0","1","13","5","8","9","advanced","CONCACAF_R3","False","False","","FIFA / Wikipedia","https://en.wikipedia.org/wiki/2026_FIFA_World_Cup_qualification_%E2%80%93_CONCACAF_second_round"
"CONCACAF_R2_E_3_DOM","CONCACAF_R2_GE","CONCACAF_R2","CONCACAF","","DOM","Dominican Republic","DOM","DO","151","2023-12-21","3","4","2","0","2","11","5","6","6","eliminated","","False","True","","FIFA / Wikipedia","https://en.wikipedia.org/wiki/2026_FIFA_World_Cup_qualification_%E2%80%93_CONCACAF_second_round"
"CONCACAF_R2_E_4_DMA","CONCACAF_R2_GE","CONCACAF_R2","CONCACAF","","DMA","Dominica","DMA","DM","180","2023-12-21","4","4","1","0","3","5","14","-9","3","eliminated","","False","True","","FIFA / Wikipedia","https://en.wikipedia.org/wiki/2026_FIFA_World_Cup_qualification_%E2%80%93_CONCACAF_second_round"
"CONCACAF_R2_E_5_VGB","CONCACAF_R2_GE","CONCACAF_R2","CONCACAF","","VGB","British Virgin Islands","VGB","VG","207","2023-12-21","5","4","0","0","4","0","11","-11","0","eliminated","","False","True","","FIFA / Wikipedia","https://en.wikipedia.org/wiki/2026_FIFA_World_Cup_qualification_%E2%80%93_CONCACAF_second_round"
"CONCACAF_R2_F_1_SUR","CONCACAF_R2_GF","CONCACAF_R2","CONCACAF","","SUR","Suriname","SUR","SR","143","2023-12-21","1","4","3","1","0","10","2","8","10","advanced","CONCACAF_R3","False","False","","FIFA / Wikipedia","https://en.wikipedia.org/wiki/2026_FIFA_World_Cup_qualification_%E2%80%93_CONCACAF_second_round"
"CONCACAF_R2_F_2_SLV","CONCACAF_R2_GF","CONCACAF_R2","CONCACAF","","SLV","El Salvador","SLV","SV","78","2023-12-21","2","4","2","2","0","7","2","5","8","advanced","CONCACAF_R3","False","False","","FIFA / Wikipedia","https://en.wikipedia.org/wiki/2026_FIFA_World_Cup_qualification_%E2%80%93_CONCACAF_second_round"
"CONCACAF_R2_F_3_PUR","CONCACAF_R2_GF","CONCACAF_R2","CONCACAF","","PUR","Puerto Rico","PUR","PR","160","2023-12-21","3","4","2","1","1","10","2","8","7","eliminated","","False","True","","FIFA / Wikipedia","https://en.wikipedia.org/wiki/2026_FIFA_World_Cup_qualification_%E2%80%93_CONCACAF_second_round"
"CONCACAF_R2_F_4_VIN","CONCACAF_R2_GF","CONCACAF_R2","CONCACAF","","VIN","Saint Vincent and the Grenadines","VIN","VC","173","2023-12-21","4","4","1","0","3","9","9","0","3","eliminated","","False","True","","FIFA / Wikipedia","https://en.wikipedia.org/wiki/2026_FIFA_World_Cup_qualification_%E2%80%93_CONCACAF_second_round"
"CONCACAF_R2_F_5_AIA","CONCACAF_R2_GF","CONCACAF_R2","CONCACAF","","AIA","Anguilla","AIA","AI","209","2023-12-21","5","4","0","0","4","0","21","-21","0","eliminated","","False","True","","FIFA / Wikipedia","https://en.wikipedia.org/wiki/2026_FIFA_World_Cup_qualification_%E2%80%93_CONCACAF_second_round"
"CONCACAF_R3_A_1_PAN","CONCACAF_R3_GA","CONCACAF_R3","CONCACAF","","PAN","Panama","PAN","PA","41","2023-12-21","1","6","3","3","0","9","4","5","12","qualified","","True","False","","FIFA / Wikipedia","https://en.wikipedia.org/wiki/2026_FIFA_World_Cup_qualification_%E2%80%93_CONCACAF_third_round"
"CONCACAF_R3_A_2_SUR","CONCACAF_R3_GA","CONCACAF_R3","CONCACAF","","SUR","Suriname","SUR","SR","143","2023-12-21","2","6","2","3","1","9","6","3","9","playoff","CONCACAF_ICPO","False","False","","FIFA / Wikipedia","https://en.wikipedia.org/wiki/2026_FIFA_World_Cup_qualification_%E2%80%93_CONCACAF_third_round"
"CONCACAF_R3_A_3_GUA","CONCACAF_R3_GA","CONCACAF_R3","CONCACAF","","GUA","Guatemala","GUA","GT","108","2023-12-21","3","6","2","2","2","8","7","1","8","eliminated","","False","True","","FIFA / Wikipedia","https://en.wikipedia.org/wiki/2026_FIFA_World_Cup_qualification_%E2%80%93_CONCACAF_third_round"
"CONCACAF_R3_A_4_SLV","CONCACAF_R3_GA","CONCACAF_R3","CONCACAF","","SLV","El Salvador","SLV","SV","78","2023-12-21","4","6","1","0","5","2","11","-9","3","eliminated","","False","True","","FIFA / Wikipedia","https://en.wikipedia.org/wiki/2026_FIFA_World_Cup_qualification_%E2%80%93_CONCACAF_third_round"
"CONCACAF_R3_B_1_CUW","CONCACAF_R3_GB","CONCACAF_R3","CONCACAF","","CUW","Curaçao","CUW","CW","90","2023-12-21","1","6","3","3","0","13","3","10","12","qualified","","True","False","","FIFA / Wikipedia","https://en.wikipedia.org/wiki/2026_FIFA_World_Cup_qualification_%E2%80%93_CONCACAF_third_round"
"CONCACAF_R3_B_2_JAM","CONCACAF_R3_GB","CONCACAF_R3","CONCACAF","","JAM","Jamaica","JAM","JM","55","2023-12-21","2","6","3","2","1","11","3","8","11","playoff","CONCACAF_ICPO","False","False","","FIFA / Wikipedia","https://en.wikipedia.org/wiki/2026_FIFA_World_Cup_qualification_%E2%80%93_CONCACAF_third_round"
"CONCACAF_R3_B_3_TRI","CONCACAF_R3_GB","CONCACAF_R3","CONCACAF","","TRI","Trinidad and Tobago","TRI","TT","96","2023-12-21","3","6","1","4","1","7","6","1","7","eliminated","","False","True","","FIFA / Wikipedia","https://en.wikipedia.org/wiki/2026_FIFA_World_Cup_qualification_%E2%80%93_CONCACAF_third_round"
"CONCACAF_R3_B_4_BER","CONCACAF_R3_GB","CONCACAF_R3","CONCACAF","","BER","Bermuda","BER","BM","171","2023-12-21","4","6","0","1","5","4","23","-19","1","eliminated","","False","True","","FIFA / Wikipedia","https://en.wikipedia.org/wiki/2026_FIFA_World_Cup_qualification_%E2%80%93_CONCACAF_third_round"
"CONCACAF_R3_C_1_HAI","CONCACAF_R3_GC","CONCACAF_R3","CONCACAF","","HAI","Haiti","HAI","HT","89","2023-12-21","1","6","3","2","1","9","6","3","11","qualified","","True","False","","FIFA / Wikipedia","https://en.wikipedia.org/wiki/2026_FIFA_World_Cup_qualification_%E2%80%93_CONCACAF_third_round"
"CONCACAF_R3_C_2_HON","CONCACAF_R3_GC","CONCACAF_R3","CONCACAF","","HON","Honduras","HON","HN","76","2023-12-21","2","6","2","3","1","5","2","3","9","eliminated","","False","True","","FIFA / Wikipedia","https://en.wikipedia.org/wiki/2026_FIFA_World_Cup_qualification_%E2%80%93_CONCACAF_third_round"
"CONCACAF_R3_C_3_CRC","CONCACAF_R3_GC","CONCACAF_R3","CONCACAF","","CRC","Costa Rica","CRC","CR","52","2023-12-21","3","6","1","4","1","8","6","2","7","eliminated","","False","True","","FIFA / Wikipedia","https://en.wikipedia.org/wiki/2026_FIFA_World_Cup_qualification_%E2%80%93_CONCACAF_third_round"
"CONCACAF_R3_C_4_NCA","CONCACAF_R3_GC","CONCACAF_R3","CONCACAF","","NCA","Nicaragua","NCA","NI","134","2023-12-21","4","6","1","1","4","4","12","-8","4","eliminated","","False","True","","FIFA / Wikipedia","https://en.wikipedia.org/wiki/2026_FIFA_World_Cup_qualification_%E2%80%93_CONCACAF_third_round"
"CONCACAF_R3_RUN_1_JAM","CONCACAF_R3_RUNNER_UPS","CONCACAF_R3","CONCACAF","","JAM","Jamaica","JAM","JM","55","2023-12-21","1","6","3","2","1","11","3","8","11","playoff","CONCACAF_ICPO","False","False","Runner-up from Group B","FIFA / Wikipedia","https://en.wikipedia.org/wiki/2026_FIFA_World_Cup_qualification_%E2%80%93_CONCACAF_third_round"
"CONCACAF_R3_RUN_2_SUR","CONCACAF_R3_RUNNER_UPS","CONCACAF_R3","CONCACAF","","SUR","Suriname","SUR","SR","143","2023-12-21","2","6","2","3","1","9","6","3","9","playoff","CONCACAF_ICPO","False","False","Runner-up from Group A","FIFA / Wikipedia","https://en.wikipedia.org/wiki/2026_FIFA_World_Cup_qualification_%E2%80%93_CONCACAF_third_round"
"CONCACAF_R3_RUN_3_HON","CONCACAF_R3_RUNNER_UPS","CONCACAF_R3","CONCACAF","","HON","Honduras","HON","HN","76","2023-12-21","3","6","2","3","1","5","2","3","9","eliminated","","False","True","Runner-up from Group C","FIFA / Wikipedia","https://en.wikipedia.org/wiki/2026_FIFA_World_Cup_qualification_%E2%80%93_CONCACAF_third_round"
"CONMEBOL_TABLE_1","CONMEBOL_TABLE","CONMEBOL_R1","CONMEBOL","","ARG","Argentina","ARG","AR","1","2023-07-20","1","18","12","2","4","31","10","21","38","qualified","","TRUE","FALSE","CONMEBOL winners","Wikipedia","https://en.wikipedia.org/wiki/2026_FIFA_World_Cup_qualification_(CONMEBOL)"
"CONMEBOL_TABLE_2","CONMEBOL_TABLE","CONMEBOL_R1","CONMEBOL","","ECU","Ecuador","ECU","EC","40","2023-07-20","2","18","8","8","2","14","5","9","29","qualified","","TRUE","FALSE","Ecuador total reflects a three-point deduction before qualification began.","Wikipedia","https://en.wikipedia.org/wiki/2026_FIFA_World_Cup_qualification_(CONMEBOL)"
"CONMEBOL_TABLE_3","CONMEBOL_TABLE","CONMEBOL_R1","CONMEBOL","","COL","Colombia","COL","CO","17","2023-07-20","3","18","7","7","4","28","18","10","28","qualified","","TRUE","FALSE","CONMEBOL third place","Wikipedia","https://en.wikipedia.org/wiki/2026_FIFA_World_Cup_qualification_(CONMEBOL)"
"CONMEBOL_TABLE_4","CONMEBOL_TABLE","CONMEBOL_R1","CONMEBOL","","URU","Uruguay","URU","UY","16","2023-07-20","4","18","7","7","4","22","12","10","28","qualified","","TRUE","FALSE","CONMEBOL fourth place","Wikipedia","https://en.wikipedia.org/wiki/2026_FIFA_World_Cup_qualification_(CONMEBOL)"
"CONMEBOL_TABLE_5","CONMEBOL_TABLE","CONMEBOL_R1","CONMEBOL","","BRA","Brazil","BRA","BR","3","2023-07-20","5","18","8","4","6","24","17","7","28","qualified","","TRUE","FALSE","CONMEBOL fifth place","Wikipedia","https://en.wikipedia.org/wiki/2026_FIFA_World_Cup_qualification_(CONMEBOL)"
"CONMEBOL_TABLE_6","CONMEBOL_TABLE","CONMEBOL_R1","CONMEBOL","","PAR","Paraguay","PAR","PY","49","2023-07-20","6","18","7","7","4","14","10","4","28","qualified","","TRUE","FALSE","CONMEBOL sixth place","Wikipedia","https://en.wikipedia.org/wiki/2026_FIFA_World_Cup_qualification_(CONMEBOL)"
"CONMEBOL_TABLE_7","CONMEBOL_TABLE","CONMEBOL_R1","CONMEBOL","","BOL","Bolivia","BOL","BO","83","2023-07-20","7","18","6","2","10","17","35","-18","20","playoff_loss","CONMEBOL_ICPO","FALSE","FALSE","CONMEBOL seventh place; lost inter-confederation playoff final to Iraq","Wikipedia","https://en.wikipedia.org/wiki/2026_FIFA_World_Cup_qualification_(CONMEBOL)"
"CONMEBOL_TABLE_8","CONMEBOL_TABLE","CONMEBOL_R1","CONMEBOL","","VEN","Venezuela","VEN","VE","57","2023-07-20","8","18","4","6","8","18","28","-10","18","eliminated","","FALSE","TRUE","CONMEBOL eighth place","Wikipedia","https://en.wikipedia.org/wiki/2026_FIFA_World_Cup_qualification_(CONMEBOL)"
"CONMEBOL_TABLE_9","CONMEBOL_TABLE","CONMEBOL_R1","CONMEBOL","","PER","Peru","PER","PE","21","2023-07-20","9","18","2","6","10","6","21","-15","12","eliminated","","FALSE","TRUE","CONMEBOL ninth place","Wikipedia","https://en.wikipedia.org/wiki/2026_FIFA_World_Cup_qualification_(CONMEBOL)"
"CONMEBOL_TABLE_10","CONMEBOL_TABLE","CONMEBOL_R1","CONMEBOL","","CHI","Chile","CHI","CL","32","2023-07-20","10","18","2","5","11","9","27","-18","11","eliminated","","FALSE","TRUE","CONMEBOL tenth place","Wikipedia","https://en.wikipedia.org/wiki/2026_FIFA_World_Cup_qualification_(CONMEBOL)"
"ofc_r2_a_1","ofc_r2_a","ofc_r2","OFC","","ofc_ncl","New Caledonia","NCL","NC","160","2024-07-18","1","3","2","1","0","7","4","3","7","advanced","ofc_r3","FALSE","FALSE","Advanced to Third Round as Group A winner.","OFC Round Two","https://www.oceaniafootball.com/fifa-world-cup-2026-oceania-qualifiers-round-two/"
"ofc_r2_a_2","ofc_r2_a","ofc_r2","OFC","","ofc_fij","Fiji","FIJ","FJ","153","2024-07-18","2","3","1","2","0","5","4","1","5","advanced","ofc_r3","FALSE","FALSE","Advanced to Third Round as Group A runner-up.","OFC Round Two","https://www.oceaniafootball.com/fifa-world-cup-2026-oceania-qualifiers-round-two/"
"ofc_r2_a_3","ofc_r2_a","ofc_r2","OFC","","ofc_sol","Solomon Islands","SOL","SB","141","2024-07-18","3","3","1","0","2","4","5","-1","3","eliminated","","FALSE","TRUE","Eliminated in Round Two.","OFC Round Two","https://www.oceaniafootball.com/fifa-world-cup-2026-oceania-qualifiers-round-two/"
"ofc_r2_a_4","ofc_r2_a","ofc_r2","OFC","","ofc_png","Papua New Guinea","PNG","PG","168","2024-07-18","4","3","0","1","2","5","8","-3","1","eliminated","","FALSE","TRUE","Eliminated in Round Two.","OFC Round Two","https://www.oceaniafootball.com/fifa-world-cup-2026-oceania-qualifiers-round-two/"
"ofc_r2_b_1","ofc_r2_b","ofc_r2","OFC","","ofc_nzl","New Zealand","NZL","NZ","94","2024-07-18","1","3","3","0","0","19","1","18","9","advanced","ofc_r3","FALSE","FALSE","Advanced to Third Round as Group B winner.","OFC Round Two","https://www.oceaniafootball.com/fifa-world-cup-2026-oceania-qualifiers-round-two/"
"ofc_r2_b_2","ofc_r2_b","ofc_r2","OFC","","ofc_tah","Tahiti","TAH","PF","158","2024-07-18","2","3","2","0","1","5","3","2","6","advanced","ofc_r3","FALSE","FALSE","Advanced to Third Round as Group B runner-up.","OFC Round Two","https://www.oceaniafootball.com/fifa-world-cup-2026-oceania-qualifiers-round-two/"
"ofc_r2_b_3","ofc_r2_b","ofc_r2","OFC","","ofc_van","Vanuatu","VAN","VU","162","2024-07-18","3","3","1","0","2","5","11","-6","3","eliminated","","FALSE","TRUE","Eliminated in Round Two.","OFC Round Two","https://www.oceaniafootball.com/fifa-world-cup-2026-oceania-qualifiers-round-two/"
"ofc_r2_b_4","ofc_r2_b","ofc_r2","OFC","","ofc_sam","Samoa","SAM","WS","192","2024-07-18","4","3","0","0","3","1","15","-14","0","eliminated","","FALSE","TRUE","Eliminated in Round Two.","OFC Round Two","https://www.oceaniafootball.com/fifa-world-cup-2026-oceania-qualifiers-round-two/"
"UEFA_GRP_A_GER","UEFA_GRP_A","UEFA_R1","UEFA","","GER","Germany","GER","DE","10","2024-11-28","1","6","5","0","1","16","3","13","15","qualified","","true","false","Qualified directly as UEFA Group A winner","FIFA / UEFA standings as mirrored in Wikipedia","https://en.wikipedia.org/wiki/2026_FIFA_World_Cup_qualification_(UEFA)"
"UEFA_GRP_A_SVK","UEFA_GRP_A","UEFA_R1","UEFA","","SVK","Slovakia","SVK","SK","41","2024-11-28","2","6","4","0","2","6","8","-2","12","playoff","UEFA_R2","false","false","Advanced to UEFA play-offs as Group A runner-up","FIFA / UEFA standings as mirrored in Wikipedia","https://en.wikipedia.org/wiki/2026_FIFA_World_Cup_qualification_(UEFA)"
"UEFA_GRP_A_NIR","UEFA_GRP_A","UEFA_R1","UEFA","","NIR","Northern Ireland","NIR","GB-NIR","71","2024-11-28","3","6","3","0","3","7","6","1","9","playoff","UEFA_R2","false","false","Advanced to UEFA play-offs via 2024-25 UEFA Nations League route","FIFA / UEFA standings as mirrored in Wikipedia","https://en.wikipedia.org/wiki/2026_FIFA_World_Cup_qualification_(UEFA)"
"UEFA_GRP_A_LUX","UEFA_GRP_A","UEFA_R1","UEFA","","LUX","Luxembourg","LUX","LU","92","2024-11-28","4","6","0","0","6","1","13","-12","0","eliminated","","false","true","Eliminated in first round group stage","FIFA / UEFA standings as mirrored in Wikipedia","https://en.wikipedia.org/wiki/2026_FIFA_World_Cup_qualification_(UEFA)"
"UEFA_GRP_B_SUI","UEFA_GRP_B","UEFA_R1","UEFA","","SUI","Switzerland","SUI","CH","20","2024-11-28","1","6","4","2","0","14","2","12","14","qualified","","true","false","Qualified directly as UEFA Group B winner","FIFA / UEFA standings as mirrored in Wikipedia","https://en.wikipedia.org/wiki/2026_FIFA_World_Cup_qualification_(UEFA)"
"UEFA_GRP_B_KVX","UEFA_GRP_B","UEFA_R1","UEFA","","KVX","Kosovo","KVX","XK","99","2024-11-28","2","6","3","2","1","6","5","1","11","playoff","UEFA_R2","false","false","Advanced to UEFA play-offs as Group B runner-up","FIFA / UEFA standings as mirrored in Wikipedia","https://en.wikipedia.org/wiki/2026_FIFA_World_Cup_qualification_(UEFA)"
"UEFA_GRP_B_SVN","UEFA_GRP_B","UEFA_R1","UEFA","","SVN","Slovenia","SVN","SI","55","2024-11-28","3","6","0","4","2","3","8","-5","4","eliminated","","false","true","Eliminated in first round group stage","FIFA / UEFA standings as mirrored in Wikipedia","https://en.wikipedia.org/wiki/2026_FIFA_World_Cup_qualification_(UEFA)"
"UEFA_GRP_B_SWE","UEFA_GRP_B","UEFA_R1","UEFA","","SWE","Sweden","SWE","SE","27","2024-11-28","4","6","0","2","4","4","12","-8","2","playoff","UEFA_R2","false","false","Advanced to UEFA play-offs via 2024-25 UEFA Nations League route","FIFA / UEFA standings as mirrored in Wikipedia","https://en.wikipedia.org/wiki/2026_FIFA_World_Cup_qualification_(UEFA)"
"UEFA_GRP_C_SCO","UEFA_GRP_C","UEFA_R1","UEFA","","SCO","Scotland","SCO","GB-SCT","45","2024-11-28","1","6","4","1","1","13","7","6","13","qualified","","true","false","Qualified directly as UEFA Group C winner","FIFA / UEFA standings as mirrored in Wikipedia","https://en.wikipedia.org/wiki/2026_FIFA_World_Cup_qualification_(UEFA)"
"UEFA_GRP_C_DEN","UEFA_GRP_C","UEFA_R1","UEFA","","DEN","Denmark","DEN","DK","21","2024-11-28","2","6","3","2","1","16","7","9","11","playoff","UEFA_R2","false","false","Advanced to UEFA play-offs as Group C runner-up","FIFA / UEFA standings as mirrored in Wikipedia","https://en.wikipedia.org/wiki/2026_FIFA_World_Cup_qualification_(UEFA)"
"UEFA_GRP_C_GRE","UEFA_GRP_C","UEFA_R1","UEFA","","GRE","Greece","GRE","GR","39","2024-11-28","3","6","2","1","3","10","12","-2","7","eliminated","","false","true","Eliminated in first round group stage","FIFA / UEFA standings as mirrored in Wikipedia","https://en.wikipedia.org/wiki/2026_FIFA_World_Cup_qualification_(UEFA)"
"UEFA_GRP_C_BLR","UEFA_GRP_C","UEFA_R1","UEFA","","BLR","Belarus","BLR","BY","98","2024-11-28","4","6","0","2","4","4","17","-13","2","eliminated","","false","true","Eliminated in first round group stage","FIFA / UEFA standings as mirrored in Wikipedia","https://en.wikipedia.org/wiki/2026_FIFA_World_Cup_qualification_(UEFA)"
"UEFA_GRP_D_FRA","UEFA_GRP_D","UEFA_R1","UEFA","","FRA","France","FRA","FR","2","2024-11-28","1","6","5","1","0","16","4","12","16","qualified","","true","false","Qualified directly as UEFA Group D winner","FIFA / UEFA standings as mirrored in Wikipedia","https://en.wikipedia.org/wiki/2026_FIFA_World_Cup_qualification_(UEFA)"
"UEFA_GRP_D_UKR","UEFA_GRP_D","UEFA_R1","UEFA","","UKR","Ukraine","UKR","UA","25","2024-11-28","2","6","3","1","2","10","11","-1","10","playoff","UEFA_R2","false","false","Advanced to UEFA play-offs as Group D runner-up","FIFA / UEFA standings as mirrored in Wikipedia","https://en.wikipedia.org/wiki/2026_FIFA_World_Cup_qualification_(UEFA)"
"UEFA_GRP_D_ISL","UEFA_GRP_D","UEFA_R1","UEFA","","ISL","Iceland","ISL","IS","70","2024-11-28","3","6","2","1","3","13","11","2","7","eliminated","","false","true","Eliminated in first round group stage","FIFA / UEFA standings as mirrored in Wikipedia","https://en.wikipedia.org/wiki/2026_FIFA_World_Cup_qualification_(UEFA)"
"UEFA_GRP_D_AZE","UEFA_GRP_D","UEFA_R1","UEFA","","AZE","Azerbaijan","AZE","AZ","117","2024-11-28","4","6","0","1","5","3","16","-13","1","eliminated","","false","true","Eliminated in first round group stage","FIFA / UEFA standings as mirrored in Wikipedia","https://en.wikipedia.org/wiki/2026_FIFA_World_Cup_qualification_(UEFA)"
"UEFA_GRP_E_ESP","UEFA_GRP_E","UEFA_R1","UEFA","","ESP","Spain","ESP","ES","3","2024-11-28","1","6","5","1","0","21","2","19","16","qualified","","true","false","Qualified directly as UEFA Group E winner","FIFA / UEFA standings as mirrored in Wikipedia","https://en.wikipedia.org/wiki/2026_FIFA_World_Cup_qualification_(UEFA)"
"UEFA_GRP_E_TUR","UEFA_GRP_E","UEFA_R1","UEFA","","TUR","Turkey","TUR","TR","28","2024-11-28","2","6","4","1","1","17","12","5","13","playoff","UEFA_R2","false","false","Advanced to UEFA play-offs as Group E runner-up","FIFA / UEFA standings as mirrored in Wikipedia","https://en.wikipedia.org/wiki/2026_FIFA_World_Cup_qualification_(UEFA)"
"UEFA_GRP_E_GEO","UEFA_GRP_E","UEFA_R1","UEFA","","GEO","Georgia","GEO","GE","68","2024-11-28","3","6","1","0","5","7","15","-8","3","eliminated","","false","true","Eliminated in first round group stage","FIFA / UEFA standings as mirrored in Wikipedia","https://en.wikipedia.org/wiki/2026_FIFA_World_Cup_qualification_(UEFA)"
"UEFA_GRP_E_BUL","UEFA_GRP_E","UEFA_R1","UEFA","","BUL","Bulgaria","BUL","BG","82","2024-11-28","4","6","1","0","5","3","19","-16","3","eliminated","","false","true","Eliminated in first round group stage","FIFA / UEFA standings as mirrored in Wikipedia","https://en.wikipedia.org/wiki/2026_FIFA_World_Cup_qualification_(UEFA)"
"UEFA_GRP_F_POR","UEFA_GRP_F","UEFA_R1","UEFA","","POR","Portugal","POR","PT","6","2024-11-28","1","6","4","1","1","20","7","13","13","qualified","","true","false","Qualified directly as UEFA Group F winner","FIFA / UEFA standings as mirrored in Wikipedia","https://en.wikipedia.org/wiki/2026_FIFA_World_Cup_qualification_(UEFA)"
"UEFA_GRP_F_IRL","UEFA_GRP_F","UEFA_R1","UEFA","","IRL","Republic of Ireland","IRL","IE","60","2024-11-28","2","6","3","1","2","9","7","2","10","playoff","UEFA_R2","false","false","Advanced to UEFA play-offs as Group F runner-up","FIFA / UEFA standings as mirrored in Wikipedia","https://en.wikipedia.org/wiki/2026_FIFA_World_Cup_qualification_(UEFA)"
"UEFA_GRP_F_HUN","UEFA_GRP_F","UEFA_R1","UEFA","","HUN","Hungary","HUN","HU","30","2024-11-28","3","6","2","2","2","11","10","1","8","eliminated","","false","true","Eliminated in first round group stage","FIFA / UEFA standings as mirrored in Wikipedia","https://en.wikipedia.org/wiki/2026_FIFA_World_Cup_qualification_(UEFA)"
"UEFA_GRP_F_ARM","UEFA_GRP_F","UEFA_R1","UEFA","","ARM","Armenia","ARM","AM","100","2024-11-28","4","6","1","0","5","3","19","-16","3","eliminated","","false","true","Eliminated in first round group stage","FIFA / UEFA standings as mirrored in Wikipedia","https://en.wikipedia.org/wiki/2026_FIFA_World_Cup_qualification_(UEFA)"
"UEFA_GRP_G_NED","UEFA_GRP_G","UEFA_R1","UEFA","","NED","Netherlands","NED","NL","7","2024-11-28","1","8","6","2","0","27","4","23","20","qualified","","true","false","Qualified directly as UEFA Group G winner","FIFA / UEFA standings as mirrored in Wikipedia","https://en.wikipedia.org/wiki/2026_FIFA_World_Cup_qualification_(UEFA)"
"UEFA_GRP_G_POL","UEFA_GRP_G","UEFA_R1","UEFA","","POL","Poland","POL","PL","35","2024-11-28","2","8","5","2","1","14","7","7","17","playoff","UEFA_R2","false","false","Advanced to UEFA play-offs as Group G runner-up","FIFA / UEFA standings as mirrored in Wikipedia","https://en.wikipedia.org/wiki/2026_FIFA_World_Cup_qualification_(UEFA)"
"UEFA_GRP_G_FIN","UEFA_GRP_G","UEFA_R1","UEFA","","FIN","Finland","FIN","FI","69","2024-11-28","3","8","3","1","4","8","14","-6","10","eliminated","","false","true","Eliminated in first round group stage","FIFA / UEFA standings as mirrored in Wikipedia","https://en.wikipedia.org/wiki/2026_FIFA_World_Cup_qualification_(UEFA)"
"UEFA_GRP_G_MLT","UEFA_GRP_G","UEFA_R1","UEFA","","MLT","Malta","MLT","MT","169","2024-11-28","4","8","1","2","5","4","19","-15","5","eliminated","","false","true","Eliminated in first round group stage","FIFA / UEFA standings as mirrored in Wikipedia","https://en.wikipedia.org/wiki/2026_FIFA_World_Cup_qualification_(UEFA)"
"UEFA_GRP_G_LTU","UEFA_GRP_G","UEFA_R1","UEFA","","LTU","Lithuania","LTU","LT","142","2024-11-28","5","8","0","3","5","6","15","-9","3","eliminated","","false","true","Eliminated in first round group stage","FIFA / UEFA standings as mirrored in Wikipedia","https://en.wikipedia.org/wiki/2026_FIFA_World_Cup_qualification_(UEFA)"
"UEFA_GRP_H_AUT","UEFA_GRP_H","UEFA_R1","UEFA","","AUT","Austria","AUT","AT","22","2024-11-28","1","8","6","1","1","22","4","18","19","qualified","","true","false","Qualified directly as UEFA Group H winner","FIFA / UEFA standings as mirrored in Wikipedia","https://en.wikipedia.org/wiki/2026_FIFA_World_Cup_qualification_(UEFA)"
"UEFA_GRP_H_BIH","UEFA_GRP_H","UEFA_R1","UEFA","","BIH","Bosnia and Herzegovina","BIH","BA","74","2024-11-28","2","8","5","2","1","17","7","10","17","playoff","UEFA_R2","false","false","Advanced to UEFA play-offs as Group H runner-up","FIFA / UEFA standings as mirrored in Wikipedia","https://en.wikipedia.org/wiki/2026_FIFA_World_Cup_qualification_(UEFA)"
"UEFA_GRP_H_ROU","UEFA_GRP_H","UEFA_R1","UEFA","","ROU","Romania","ROU","RO","38","2024-11-28","3","8","4","1","3","19","10","9","13","playoff","UEFA_R2","false","false","Advanced to UEFA play-offs via 2024-25 UEFA Nations League route","FIFA / UEFA standings as mirrored in Wikipedia","https://en.wikipedia.org/wiki/2026_FIFA_World_Cup_qualification_(UEFA)"
"UEFA_GRP_H_CYP","UEFA_GRP_H","UEFA_R1","UEFA","","CYP","Cyprus","CYP","CY","130","2024-11-28","4","8","2","2","4","11","11","0","8","eliminated","","false","true","Eliminated in first round group stage","FIFA / UEFA standings as mirrored in Wikipedia","https://en.wikipedia.org/wiki/2026_FIFA_World_Cup_qualification_(UEFA)"
"UEFA_GRP_H_SMR","UEFA_GRP_H","UEFA_R1","UEFA","","SMR","San Marino","SMR","SM","210","2024-11-28","5","8","0","0","8","2","39","-37","0","eliminated","","false","true","Eliminated in first round group stage","FIFA / UEFA standings as mirrored in Wikipedia","https://en.wikipedia.org/wiki/2026_FIFA_World_Cup_qualification_(UEFA)"
"UEFA_GRP_I_NOR","UEFA_GRP_I","UEFA_R1","UEFA","","NOR","Norway","NOR","NO","43","2024-11-28","1","8","8","0","0","37","5","32","24","qualified","","true","false","Qualified directly as UEFA Group I winner","FIFA / UEFA standings as mirrored in Wikipedia","https://en.wikipedia.org/wiki/2026_FIFA_World_Cup_qualification_(UEFA)"
"UEFA_GRP_I_ITA","UEFA_GRP_I","UEFA_R1","UEFA","","ITA","Italy","ITA","IT","9","2024-11-28","2","8","6","0","2","21","12","9","18","playoff","UEFA_R2","false","false","Advanced to UEFA play-offs as Group I runner-up","FIFA / UEFA standings as mirrored in Wikipedia","https://en.wikipedia.org/wiki/2026_FIFA_World_Cup_qualification_(UEFA)"
"UEFA_GRP_I_ISR","UEFA_GRP_I","UEFA_R1","UEFA","","ISR","Israel","ISR","IL","76","2024-11-28","3","8","4","0","4","19","20","-1","12","eliminated","","false","true","Eliminated in first round group stage","FIFA / UEFA standings as mirrored in Wikipedia","https://en.wikipedia.org/wiki/2026_FIFA_World_Cup_qualification_(UEFA)"
"UEFA_GRP_I_EST","UEFA_GRP_I","UEFA_R1","UEFA","","EST","Estonia","EST","EE","123","2024-11-28","4","8","1","1","6","8","21","-13","4","eliminated","","false","true","Eliminated in first round group stage","FIFA / UEFA standings as mirrored in Wikipedia","https://en.wikipedia.org/wiki/2026_FIFA_World_Cup_qualification_(UEFA)"
"UEFA_GRP_I_MDA","UEFA_GRP_I","UEFA_R1","UEFA","","MDA","Moldova","MDA","MD","151","2024-11-28","5","8","0","1","7","5","32","-27","1","eliminated","","false","true","Eliminated in first round group stage","FIFA / UEFA standings as mirrored in Wikipedia","https://en.wikipedia.org/wiki/2026_FIFA_World_Cup_qualification_(UEFA)"
"UEFA_GRP_J_BEL","UEFA_GRP_J","UEFA_R1","UEFA","","BEL","Belgium","BEL","BE","8","2024-11-28","1","8","5","3","0","29","7","22","18","qualified","","true","false","Qualified directly as UEFA Group J winner","FIFA / UEFA standings as mirrored in Wikipedia","https://en.wikipedia.org/wiki/2026_FIFA_World_Cup_qualification_(UEFA)"
"UEFA_GRP_J_WAL","UEFA_GRP_J","UEFA_R1","UEFA","","WAL","Wales","WAL","GB-WLS","29","2024-11-28","2","8","5","1","2","21","11","10","16","playoff","UEFA_R2","false","false","Advanced to UEFA play-offs as Group J runner-up","FIFA / UEFA standings as mirrored in Wikipedia","https://en.wikipedia.org/wiki/2026_FIFA_World_Cup_qualification_(UEFA)"
"UEFA_GRP_J_MKD","UEFA_GRP_J","UEFA_R1","UEFA","","MKD","North Macedonia","MKD","MK","67","2024-11-28","3","8","3","4","1","13","10","3","13","playoff","UEFA_R2","false","false","Advanced to UEFA play-offs via 2024-25 UEFA Nations League route","FIFA / UEFA standings as mirrored in Wikipedia","https://en.wikipedia.org/wiki/2026_FIFA_World_Cup_qualification_(UEFA)"
"UEFA_GRP_J_KAZ","UEFA_GRP_J","UEFA_R1","UEFA","","KAZ","Kazakhstan","KAZ","KZ","110","2024-11-28","4","8","2","2","4","9","13","-4","8","eliminated","","false","true","Eliminated in first round group stage","FIFA / UEFA standings as mirrored in Wikipedia","https://en.wikipedia.org/wiki/2026_FIFA_World_Cup_qualification_(UEFA)"
"UEFA_GRP_J_LIE","UEFA_GRP_J","UEFA_R1","UEFA","","LIE","Liechtenstein","LIE","LI","204","2024-11-28","5","8","0","0","8","0","31","-31","0","eliminated","","false","true","Eliminated in first round group stage","FIFA / UEFA standings as mirrored in Wikipedia","https://en.wikipedia.org/wiki/2026_FIFA_World_Cup_qualification_(UEFA)"
"UEFA_GRP_K_ENG","UEFA_GRP_K","UEFA_R1","UEFA","","ENG","England","ENG","GB-ENG","4","2024-11-28","1","8","8","0","0","22","0","22","24","qualified","","true","false","Qualified directly as UEFA Group K winner","FIFA / UEFA standings as mirrored in Wikipedia","https://en.wikipedia.org/wiki/2026_FIFA_World_Cup_qualification_(UEFA)"
"UEFA_GRP_K_ALB","UEFA_GRP_K","UEFA_R1","UEFA","","ALB","Albania","ALB","AL","65","2024-11-28","2","8","4","2","2","7","5","2","14","playoff","UEFA_R2","false","false","Advanced to UEFA play-offs as Group K runner-up","FIFA / UEFA standings as mirrored in Wikipedia","https://en.wikipedia.org/wiki/2026_FIFA_World_Cup_qualification_(UEFA)"
"UEFA_GRP_K_SRB","UEFA_GRP_K","UEFA_R1","UEFA","","SRB","Serbia","SRB","RS","32","2024-11-28","3","8","4","1","3","9","10","-1","13","eliminated","","false","true","Eliminated in first round group stage","FIFA / UEFA standings as mirrored in Wikipedia","https://en.wikipedia.org/wiki/2026_FIFA_World_Cup_qualification_(UEFA)"
"UEFA_GRP_K_LVA","UEFA_GRP_K","UEFA_R1","UEFA","","LVA","Latvia","LVA","LV","140","2024-11-28","4","8","1","2","5","5","15","-10","5","eliminated","","false","true","Eliminated in first round group stage","FIFA / UEFA standings as mirrored in Wikipedia","https://en.wikipedia.org/wiki/2026_FIFA_World_Cup_qualification_(UEFA)"
"UEFA_GRP_K_AND","UEFA_GRP_K","UEFA_R1","UEFA","","AND","Andorra","AND","AD","171","2024-11-28","5","8","0","1","7","3","16","-13","1","eliminated","","false","true","Eliminated in first round group stage","FIFA / UEFA standings as mirrored in Wikipedia","https://en.wikipedia.org/wiki/2026_FIFA_World_Cup_qualification_(UEFA)"
"UEFA_GRP_L_CRO","UEFA_GRP_L","UEFA_R1","UEFA","","CRO","Croatia","CRO","HR","13","2024-11-28","1","8","7","1","0","26","4","22","22","qualified","","true","false","Qualified directly as UEFA Group L winner","FIFA / UEFA standings as mirrored in Wikipedia","https://en.wikipedia.org/wiki/2026_FIFA_World_Cup_qualification_(UEFA)"
"UEFA_GRP_L_CZE","UEFA_GRP_L","UEFA_R1","UEFA","","CZE","Czech Republic","CZE","CZ","42","2024-11-28","2","8","5","1","2","18","8","10","16","playoff","UEFA_R2","false","false","Advanced to UEFA play-offs as Group L runner-up","FIFA / UEFA standings as mirrored in Wikipedia","https://en.wikipedia.org/wiki/2026_FIFA_World_Cup_qualification_(UEFA)"
"UEFA_GRP_L_FRO","UEFA_GRP_L","UEFA_R1","UEFA","","FRO","Faroe Islands","FRO","FO","137","2024-11-28","3","8","4","0","4","11","9","2","12","eliminated","","false","true","Eliminated in first round group stage","FIFA / UEFA standings as mirrored in Wikipedia","https://en.wikipedia.org/wiki/2026_FIFA_World_Cup_qualification_(UEFA)"
"UEFA_GRP_L_MNE","UEFA_GRP_L","UEFA_R1","UEFA","","MNE","Montenegro","MNE","ME","73","2024-11-28","4","8","3","0","5","8","17","-9","9","eliminated","","false","true","Eliminated in first round group stage","FIFA / UEFA standings as mirrored in Wikipedia","https://en.wikipedia.org/wiki/2026_FIFA_World_Cup_qualification_(UEFA)"
"UEFA_GRP_L_GIB","UEFA_GRP_L","UEFA_R1","UEFA","","GIB","Gibraltar","GIB","GI","197","2024-11-28","5","8","0","0","8","3","28","-25","0","eliminated","","false","true","Eliminated in first round group stage","FIFA / UEFA standings as mirrored in Wikipedia","https://en.wikipedia.org/wiki/2026_FIFA_World_Cup_qualification_(UEFA)"
