"elimination_id","confederation_id","round_id","team_id","team_name","fifa_code","flag_code","fifa_rank","rank_snapshot_date","elimination_reason","final_position","notes","source_name","source_url"
"AFC_R1_MNG","AFC","AFC_R1","MNG","Mongolia","MNG","MN","183","2023-07-20","Lost first round two-leg playoff","","","Wikipedia AFC qualification page","https://en.wikipedia.org/wiki/2026_FIFA_World_Cup_qualification_(AFC)"
"AFC_R1_MDV","AFC","AFC_R1","MDV","Maldives","MDV","MV","155","2023-07-20","Lost first round two-leg playoff","","","Wikipedia AFC qualification page","https://en.wikipedia.org/wiki/2026_FIFA_World_Cup_qualification_(AFC)"
"AFC_R1_GUM","AFC","AFC_R1","GUM","Guam","GUM","GU","203","2023-07-20","Lost first round two-leg playoff","","","Wikipedia AFC qualification page","https://en.wikipedia.org/wiki/2026_FIFA_World_Cup_qualification_(AFC)"
"AFC_R1_SRI","AFC","AFC_R1","SRI","Sri Lanka","SRI","LK","204","2023-07-20","Lost first round two-leg playoff","","","Wikipedia AFC qualification page","https://en.wikipedia.org/wiki/2026_FIFA_World_Cup_qualification_(AFC)"
"AFC_R1_MAC","AFC","AFC_R1","MAC","Macau","MAC","MO","182","2023-07-20","Lost first round two-leg playoff","","","Wikipedia AFC qualification page","https://en.wikipedia.org/wiki/2026_FIFA_World_Cup_qualification_(AFC)"
"AFC_R1_CAM","AFC","AFC_R1","CAM","Cambodia","CAM","KH","176","2023-07-20","Lost first round two-leg playoff","","","Wikipedia AFC qualification page","https://en.wikipedia.org/wiki/2026_FIFA_World_Cup_qualification_(AFC)"
"AFC_R1_TLS","AFC","AFC_R1","TLS","Timor-Leste","TLS","TL","192","2023-07-20","Lost first round two-leg playoff","","","Wikipedia AFC qualification page","https://en.wikipedia.org/wiki/2026_FIFA_World_Cup_qualification_(AFC)"
"AFC_R1_BRU","AFC","AFC_R1","BRU","Brunei","BRU","BN","190","2023-07-20","Lost first round two-leg playoff","","","Wikipedia AFC qualification page","https://en.wikipedia.org/wiki/2026_FIFA_World_Cup_qualification_(AFC)"
"AFC_R1_BHU","AFC","AFC_R1","BHU","Bhutan","BHU","BT","185","2023-07-20","Lost first round two-leg playoff","","","Wikipedia AFC qualification page","https://en.wikipedia.org/wiki/2026_FIFA_World_Cup_qualification_(AFC)"
"AFC_R1_LAO","AFC","AFC_R1","LAO","Laos","LAO","LA","187","2023-07-20","Lost first round two-leg playoff","","","Wikipedia AFC qualification page","https://en.wikipedia.org/wiki/2026_FIFA_World_Cup_qualification_(AFC)"
"AFC_R2_IND","AFC","AFC_R2","IND","India","IND","IN","99","2023-07-20","Finished 3 in Round 2 Group A","3","","Wikipedia AFC qualification page","https://en.wikipedia.org/wiki/2026_FIFA_World_Cup_qualification_(AFC)"
"AFC_R2_AFG","AFC","AFC_R2","AFG","Afghanistan","AFG","AF","157","2023-07-20","Finished 4 in Round 2 Group A","4","","Wikipedia AFC qualification page","https://en.wikipedia.org/wiki/2026_FIFA_World_Cup_qualification_(AFC)"
"AFC_R2_SYR","AFC","AFC_R2","SYR","Syria","SYR","SY","94","2023-07-20","Finished 3 in Round 2 Group B","3","","Wikipedia AFC qualification page","https://en.wikipedia.org/wiki/2026_FIFA_World_Cup_qualification_(AFC)"
"AFC_R2_MYA","AFC","AFC_R2","MYA","Myanmar","MYA","MM","160","2023-07-20","Finished 4 in Round 2 Group B","4","","Wikipedia AFC qualification page","https://en.wikipedia.org/wiki/2026_FIFA_World_Cup_qualification_(AFC)"
"AFC_R2_THA","AFC","AFC_R2","THA","Thailand","THA","TH","113","2023-07-20","Finished 3 in Round 2 Group C","3","","Wikipedia AFC qualification page","https://en.wikipedia.org/wiki/2026_FIFA_World_Cup_qualification_(AFC)"
"AFC_R2_SIN","AFC","AFC_R2","SIN","Singapore","SIN","SG","158","2023-07-20","Finished 4 in Round 2 Group C","4","","Wikipedia AFC qualification page","https://en.wikipedia.org/wiki/2026_FIFA_World_Cup_qualification_(AFC)"
"AFC_R2_MAS","AFC","AFC_R2","MAS","Malaysia","MAS","MY","136","2023-07-20","Finished 3 in Round 2 Group D","3","","Wikipedia AFC qualification page","https://en.wikipedia.org/wiki/2026_FIFA_World_Cup_qualification_(AFC)"
"AFC_R2_TPE","AFC","AFC_R2","TPE","Chinese Taipei","TPE","TW","153","2023-07-20","Finished 4 in Round 2 Group D","4","","Wikipedia AFC qualification page","https://en.wikipedia.org/wiki/2026_FIFA_World_Cup_qualification_(AFC)"
"AFC_R2_TKM","AFC","AFC_R2","TKM","Turkmenistan","TKM","TM","138","2023-07-20","Finished 3 in Round 2 Group E","3","","Wikipedia AFC qualification page","https://en.wikipedia.org/wiki/2026_FIFA_World_Cup_qualification_(AFC)"
"AFC_R2_HKG","AFC","AFC_R2","HKG","Hong Kong","HKG","HK","149","2023-07-20","Finished 4 in Round 2 Group E","4","","Wikipedia AFC qualification page","https://en.wikipedia.org/wiki/2026_FIFA_World_Cup_qualification_(AFC)"
"AFC_R2_VIE","AFC","AFC_R2","VIE","Vietnam","VIE","VN","95","2023-07-20","Finished 3 in Round 2 Group F","3","","Wikipedia AFC qualification page","https://en.wikipedia.org/wiki/2026_FIFA_World_Cup_qualification_(AFC)"
"AFC_R2_PHI","AFC","AFC_R2","PHI","Philippines","PHI","PH","135","2023-07-20","Finished 4 in Round 2 Group F","4","","Wikipedia AFC qualification page","https://en.wikipedia.org/wiki/2026_FIFA_World_Cup_qualification_(AFC)"
"AFC_R2_TJK","AFC","AFC_R2","TJK","Tajikistan","TJK","TJ","110","2023-07-20","Finished 3 in Round 2 Group G","3","","Wikipedia AFC qualification page","https://en.wikipedia.org/wiki/2026_FIFA_World_Cup_qualification_(AFC)"
"AFC_R2_PAK","AFC","AFC_R2","PAK","Pakistan","PAK","PK","201","2023-07-20","Finished 4 in Round 2 Group G","4","","Wikipedia AFC qualification page","https://en.wikipedia.org/wiki/2026_FIFA_World_Cup_qualification_(AFC)"
"AFC_R2_YEM","AFC","AFC_R2","YEM","Yemen","YEM","YE","156","2023-07-20","Finished 3 in Round 2 Group H","3","","Wikipedia AFC qualification page","https://en.wikipedia.org/wiki/2026_FIFA_World_Cup_qualification_(AFC)"
"AFC_R2_NEP","AFC","AFC_R2","NEP","Nepal","NEP","NP","175","2023-07-20","Finished 4 in Round 2 Group H","4","","Wikipedia AFC qualification page","https://en.wikipedia.org/wiki/2026_FIFA_World_Cup_qualification_(AFC)"
"AFC_R2_LBN","AFC","AFC_R2","LBN","Lebanon","LBN","LB","100","2023-07-20","Finished 3 in Round 2 Group I","3","","Wikipedia AFC qualification page","https://en.wikipedia.org/wiki/2026_FIFA_World_Cup_qualification_(AFC)"
"AFC_R2_BAN","AFC","AFC_R2","BAN","Bangladesh","BAN","BD","189","2023-07-20","Finished 4 in Round 2 Group I","4","","Wikipedia AFC qualification page","https://en.wikipedia.org/wiki/2026_FIFA_World_Cup_qualification_(AFC)"
"AFC_R3_KGZ","AFC","AFC_R3","KGZ","Kyrgyzstan","KGZ","KG","97","2023-07-20","Finished 5 in Round 3 Group A","5","","Wikipedia AFC qualification page","https://en.wikipedia.org/wiki/2026_FIFA_World_Cup_qualification_(AFC)"
"AFC_R3_PRK","AFC","AFC_R3","PRK","North Korea","PRK","KP","115","2023-07-20","Finished 6 in Round 3 Group A","6","","Wikipedia AFC qualification page","https://en.wikipedia.org/wiki/2026_FIFA_World_Cup_qualification_(AFC)"
"AFC_R3_PLE","AFC","AFC_R3","PLE","Palestine","PLE","PS","96","2023-07-20","Finished 5 in Round 3 Group B","5","","Wikipedia AFC qualification page","https://en.wikipedia.org/wiki/2026_FIFA_World_Cup_qualification_(AFC)"
"AFC_R3_KUW","AFC","AFC_R3","KUW","Kuwait","KUW","KW","137","2023-07-20","Finished 6 in Round 3 Group B","6","","Wikipedia AFC qualification page","https://en.wikipedia.org/wiki/2026_FIFA_World_Cup_qualification_(AFC)"
"AFC_R3_CHN","AFC","AFC_R3","CHN","China","CHN","CN","80","2023-07-20","Finished 5 in Round 3 Group C","5","","Wikipedia AFC qualification page","https://en.wikipedia.org/wiki/2026_FIFA_World_Cup_qualification_(AFC)"
"AFC_R3_BHR","AFC","AFC_R3","BHR","Bahrain","BHR","BH","86","2023-07-20","Finished 6 in Round 3 Group C","6","","Wikipedia AFC qualification page","https://en.wikipedia.org/wiki/2026_FIFA_World_Cup_qualification_(AFC)"
"AFC_R4_OMA","AFC","AFC_R4","OMA","Oman","OMA","OM","73","2023-07-20","Finished 3 in Round 4 Group A","3","","Wikipedia AFC qualification page","https://en.wikipedia.org/wiki/2026_FIFA_World_Cup_qualification_(AFC)"
"AFC_R4_IDN","AFC","AFC_R4","IDN","Indonesia","IDN","ID","150","2023-07-20","Finished 3 in Round 4 Group B","3","","Wikipedia AFC qualification page","https://en.wikipedia.org/wiki/2026_FIFA_World_Cup_qualification_(AFC)"
"AFC_R5_UAE","AFC","AFC_R5","UAE","United Arab Emirates","UAE","AE","72","2023-07-20","Lost AFC fifth round playoff 3-2 on aggregate to Iraq","Runner-up of AFC fifth round","","Wikipedia AFC qualification page","https://en.wikipedia.org/wiki/2026_FIFA_World_Cup_qualification_(AFC)"
"caf_elim_r1_bfa","CAF","caf_2026_first_round","caf_bfa","Burkina Faso","BFA","BF","55","2023-06-30","Runner-up; fifth in runners-up ranking, missed CAF playoff.","Group A, position 2","Runner-up; fifth in runners-up ranking, missed CAF playoff.","FIFA / Wikipedia","https://en.wikipedia.org/wiki/2026_FIFA_World_Cup_qualification_(CAF)"
"caf_elim_r1_sle","CAF","caf_2026_first_round","caf_sle","Sierra Leone","SLE","SL","120","2023-06-30","Eliminated in first round.","Group A, position 3","Eliminated in first round.","FIFA / Wikipedia","https://en.wikipedia.org/wiki/2026_FIFA_World_Cup_qualification_(CAF)"
"caf_elim_r1_gnb","CAF","caf_2026_first_round","caf_gnb","Guinea-Bissau","GNB","GW","111","2023-06-30","Eliminated in first round.","Group A, position 4","Eliminated in first round.","FIFA / Wikipedia","https://en.wikipedia.org/wiki/2026_FIFA_World_Cup_qualification_(CAF)"
"caf_elim_r1_eth","CAF","caf_2026_first_round","caf_eth","Ethiopia","ETH","ET","143","2023-06-30","Eliminated in first round.","Group A, position 5","Eliminated in first round.","FIFA / Wikipedia","https://en.wikipedia.org/wiki/2026_FIFA_World_Cup_qualification_(CAF)"
"caf_elim_r1_dji","CAF","caf_2026_first_round","caf_dji","Djibouti","DJI","DJ","193","2023-06-30","Eliminated in first round.","Group A, position 6","Eliminated in first round.","FIFA / Wikipedia","https://en.wikipedia.org/wiki/2026_FIFA_World_Cup_qualification_(CAF)"
"caf_elim_r1_sdn","CAF","caf_2026_first_round","caf_sdn","Sudan","SDN","SD","131","2023-06-30","Eliminated in first round.","Group B, position 3","Eliminated in first round.","FIFA / Wikipedia","https://en.wikipedia.org/wiki/2026_FIFA_World_Cup_qualification_(CAF)"
"caf_elim_r1_tog","CAF","caf_2026_first_round","caf_tog","Togo","TOG","TG","122","2023-06-30","Eliminated in first round.","Group B, position 4","Eliminated in first round.","FIFA / Wikipedia","https://en.wikipedia.org/wiki/2026_FIFA_World_Cup_qualification_(CAF)"
"caf_elim_r1_mtn","CAF","caf_2026_first_round","caf_mtn","Mauritania","MTN","MR","99","2023-06-30","Eliminated in first round.","Group B, position 5","Eliminated in first round.","FIFA / Wikipedia","https://en.wikipedia.org/wiki/2026_FIFA_World_Cup_qualification_(CAF)"
"caf_elim_r1_ssd","CAF","caf_2026_first_round","caf_ssd","South Sudan","SSD","SS","168","2023-06-30","Eliminated in first round.","Group B, position 6","Eliminated in first round.","FIFA / Wikipedia","https://en.wikipedia.org/wiki/2026_FIFA_World_Cup_qualification_(CAF)"
"caf_elim_r1_ben","CAF","caf_2026_first_round","caf_ben","Benin","BEN","BJ","93","2023-06-30","Eliminated in first round.","Group C, position 3","Eliminated in first round.","FIFA / Wikipedia","https://en.wikipedia.org/wiki/2026_FIFA_World_Cup_qualification_(CAF)"
"caf_elim_r1_les","CAF","caf_2026_first_round","caf_les","Lesotho","LES","LS","152","2023-06-30","Eliminated in first round.","Group C, position 4","Eliminated in first round.","FIFA / Wikipedia","https://en.wikipedia.org/wiki/2026_FIFA_World_Cup_qualification_(CAF)"
"caf_elim_r1_rwa","CAF","caf_2026_first_round","caf_rwa","Rwanda","RWA","RW","139","2023-06-30","Eliminated in first round.","Group C, position 5","Eliminated in first round.","FIFA / Wikipedia","https://en.wikipedia.org/wiki/2026_FIFA_World_Cup_qualification_(CAF)"
"caf_elim_r1_zim","CAF","caf_2026_first_round","caf_zim","Zimbabwe","ZIM","ZW","124","2023-06-30","Eliminated in first round.","Group C, position 6","Eliminated in first round.","FIFA / Wikipedia","https://en.wikipedia.org/wiki/2026_FIFA_World_Cup_qualification_(CAF)"
"caf_elim_r1_lby","CAF","caf_2026_first_round","caf_lby","Libya","LBY","LY","127","2023-06-30","Eliminated in first round.","Group D, position 3","Eliminated in first round.","FIFA / Wikipedia","https://en.wikipedia.org/wiki/2026_FIFA_World_Cup_qualification_(CAF)"
"caf_elim_r1_ang","CAF","caf_2026_first_round","caf_ang","Angola","ANG","AO","114","2023-06-30","Eliminated in first round.","Group D, position 4","Eliminated in first round.","FIFA / Wikipedia","https://en.wikipedia.org/wiki/2026_FIFA_World_Cup_qualification_(CAF)"
"caf_elim_r1_mri","CAF","caf_2026_first_round","caf_mri","Mauritius","MRI","MU","180","2023-06-30","Eliminated in first round.","Group D, position 5","Eliminated in first round.","FIFA / Wikipedia","https://en.wikipedia.org/wiki/2026_FIFA_World_Cup_qualification_(CAF)"
"caf_elim_r1_swz","CAF","caf_2026_first_round","caf_swz","Eswatini","SWZ","SZ","146","2023-06-30","Eliminated in first round.","Group D, position 6","Eliminated in first round.","FIFA / Wikipedia","https://en.wikipedia.org/wiki/2026_FIFA_World_Cup_qualification_(CAF)"
"caf_elim_r1_nig","CAF","caf_2026_first_round","caf_nig","Niger","NIG","NE","128","2023-06-30","Runner-up; sixth in runners-up ranking, missed CAF playoff.","Group E, position 2","Runner-up; sixth in runners-up ranking, missed CAF playoff.","FIFA / Wikipedia","https://en.wikipedia.org/wiki/2026_FIFA_World_Cup_qualification_(CAF)"
"caf_elim_r1_tan","CAF","caf_2026_first_round","caf_tan","Tanzania","TAN","TZ","123","2023-06-30","Eliminated in first round.","Group E, position 3","Eliminated in first round.","FIFA / Wikipedia","https://en.wikipedia.org/wiki/2026_FIFA_World_Cup_qualification_(CAF)"
"caf_elim_r1_zam","CAF","caf_2026_first_round","caf_zam","Zambia","ZAM","ZM","84","2023-06-30","Eliminated in first round.","Group E, position 4","Eliminated in first round.","FIFA / Wikipedia","https://en.wikipedia.org/wiki/2026_FIFA_World_Cup_qualification_(CAF)"
"caf_elim_r1_cgo","CAF","caf_2026_first_round","caf_cgo","Congo","CGO","CG","106","2023-06-30","Eliminated in first round; qualification affected by suspension/forfeits.","Group E, position 5","Eliminated in first round; qualification affected by suspension/forfeits.","FIFA / Wikipedia","https://en.wikipedia.org/wiki/2026_FIFA_World_Cup_qualification_(CAF)"
"caf_elim_r1_eri","CAF","caf_2026_first_round","caf_eri","Eritrea","ERI","ER","198","2023-06-30","Withdrew after draw","Group E, position 6","Withdrew after the draw; all matches cancelled.","FIFA / Wikipedia","https://en.wikipedia.org/wiki/2026_FIFA_World_Cup_qualification_(CAF)"
"caf_elim_r1_gam","CAF","caf_2026_first_round","caf_gam","Gambia","GAM","GM","119","2023-06-30","Eliminated in first round.","Group F, position 3","Eliminated in first round.","FIFA / Wikipedia","https://en.wikipedia.org/wiki/2026_FIFA_World_Cup_qualification_(CAF)"
"caf_elim_r1_ken","CAF","caf_2026_first_round","caf_ken","Kenya","KEN","KE","105","2023-06-30","Eliminated in first round.","Group F, position 4","Eliminated in first round.","FIFA / Wikipedia","https://en.wikipedia.org/wiki/2026_FIFA_World_Cup_qualification_(CAF)"
"caf_elim_r1_bdi","CAF","caf_2026_first_round","caf_bdi","Burundi","BDI","BI","140","2023-06-30","Eliminated in first round.","Group F, position 5","Eliminated in first round.","FIFA / Wikipedia","https://en.wikipedia.org/wiki/2026_FIFA_World_Cup_qualification_(CAF)"
"caf_elim_r1_sey","CAF","caf_2026_first_round","caf_sey","Seychelles","SEY","SC","196","2023-06-30","Eliminated in first round.","Group F, position 6","Eliminated in first round.","FIFA / Wikipedia","https://en.wikipedia.org/wiki/2026_FIFA_World_Cup_qualification_(CAF)"
"caf_elim_r1_uga","CAF","caf_2026_first_round","caf_uga","Uganda","UGA","UG","92","2023-06-30","Runner-up; eighth in runners-up ranking, missed CAF playoff.","Group G, position 2","Runner-up; eighth in runners-up ranking, missed CAF playoff.","FIFA / Wikipedia","https://en.wikipedia.org/wiki/2026_FIFA_World_Cup_qualification_(CAF)"
"caf_elim_r1_moz","CAF","caf_2026_first_round","caf_moz","Mozambique","MOZ","MZ","117","2023-06-30","Eliminated in first round.","Group G, position 3","Eliminated in first round.","FIFA / Wikipedia","https://en.wikipedia.org/wiki/2026_FIFA_World_Cup_qualification_(CAF)"
"caf_elim_r1_gui","CAF","caf_2026_first_round","caf_gui","Guinea","GUI","GN","80","2023-06-30","Eliminated in first round.","Group G, position 4","Eliminated in first round.","FIFA / Wikipedia","https://en.wikipedia.org/wiki/2026_FIFA_World_Cup_qualification_(CAF)"
"caf_elim_r1_bot","CAF","caf_2026_first_round","caf_bot","Botswana","BOT","BW","147","2023-06-30","Eliminated in first round.","Group G, position 5","Eliminated in first round.","FIFA / Wikipedia","https://en.wikipedia.org/wiki/2026_FIFA_World_Cup_qualification_(CAF)"
"caf_elim_r1_som","CAF","caf_2026_first_round","caf_som","Somalia","SOM","SO","199","2023-06-30","Eliminated in first round.","Group G, position 6","Eliminated in first round.","FIFA / Wikipedia","https://en.wikipedia.org/wiki/2026_FIFA_World_Cup_qualification_(CAF)"
"caf_elim_r1_nam","CAF","caf_2026_first_round","caf_nam","Namibia","NAM","NA","112","2023-06-30","Runner-up; ninth in runners-up ranking, missed CAF playoff.","Group H, position 2","Runner-up; ninth in runners-up ranking, missed CAF playoff.","FIFA / Wikipedia","https://en.wikipedia.org/wiki/2026_FIFA_World_Cup_qualification_(CAF)"
"caf_elim_r1_lbr","CAF","caf_2026_first_round","caf_lbr","Liberia","LBR","LR","148","2023-06-30","Eliminated in first round.","Group H, position 3","Eliminated in first round.","FIFA / Wikipedia","https://en.wikipedia.org/wiki/2026_FIFA_World_Cup_qualification_(CAF)"
"caf_elim_r1_mwi","CAF","caf_2026_first_round","caf_mwi","Malawi","MWI","MW","126","2023-06-30","Eliminated in first round.","Group H, position 4","Eliminated in first round.","FIFA / Wikipedia","https://en.wikipedia.org/wiki/2026_FIFA_World_Cup_qualification_(CAF)"
"caf_elim_r1_eqg","CAF","caf_2026_first_round","caf_eqg","Equatorial Guinea","EQG","GQ","91","2023-06-30","Eliminated in first round; forfeited matches after ineligible-player case and later match cancellation/forfeit.","Group H, position 5","Eliminated in first round; forfeited matches after ineligible-player case and later match cancellation/forfeit.","FIFA / Wikipedia","https://en.wikipedia.org/wiki/2026_FIFA_World_Cup_qualification_(CAF)"
"caf_elim_r1_stp","CAF","caf_2026_first_round","caf_stp","São Tomé and Príncipe","STP","ST","187","2023-06-30","Eliminated in first round.","Group H, position 6","Eliminated in first round.","FIFA / Wikipedia","https://en.wikipedia.org/wiki/2026_FIFA_World_Cup_qualification_(CAF)"
"caf_elim_r1_mad","CAF","caf_2026_first_round","caf_mad","Madagascar","MAD","MG","107","2023-06-30","Runner-up; seventh in runners-up ranking, missed CAF playoff.","Group I, position 2","Runner-up; seventh in runners-up ranking, missed CAF playoff.","FIFA / Wikipedia","https://en.wikipedia.org/wiki/2026_FIFA_World_Cup_qualification_(CAF)"
"caf_elim_r1_mli","CAF","caf_2026_first_round","caf_mli","Mali","MLI","ML","50","2023-06-30","Eliminated in first round.","Group I, position 3","Eliminated in first round.","FIFA / Wikipedia","https://en.wikipedia.org/wiki/2026_FIFA_World_Cup_qualification_(CAF)"
"caf_elim_r1_com","CAF","caf_2026_first_round","caf_com","Comoros","COM","KM","130","2023-06-30","Eliminated in first round.","Group I, position 4","Eliminated in first round.","FIFA / Wikipedia","https://en.wikipedia.org/wiki/2026_FIFA_World_Cup_qualification_(CAF)"
"caf_elim_r1_cta","CAF","caf_2026_first_round","caf_cta","Central African Republic","CTA","CF","125","2023-06-30","Eliminated in first round.","Group I, position 5","Eliminated in first round.","FIFA / Wikipedia","https://en.wikipedia.org/wiki/2026_FIFA_World_Cup_qualification_(CAF)"
"caf_elim_r1_cha","CAF","caf_2026_first_round","caf_cha","Chad","CHA","TD","181","2023-06-30","Eliminated in first round.","Group I, position 6","Eliminated in first round.","FIFA / Wikipedia","https://en.wikipedia.org/wiki/2026_FIFA_World_Cup_qualification_(CAF)"
"caf_elim_po_gab","CAF","caf_2026_second_round","caf_gab","Gabon","GAB","GA","85","2023-06-30","Lost 4-1 after extra time to Nigeria in CAF playoff semi-final.","CAF playoff semi-finalist","Lost 4-1 after extra time to Nigeria in CAF playoff semi-final.","FIFA / Wikipedia","https://en.wikipedia.org/wiki/2026_FIFA_World_Cup_qualification_(CAF)"
"caf_elim_po_cmr","CAF","caf_2026_second_round","caf_cmr","Cameroon","CMR","CM","43","2023-06-30","Lost 1-0 to DR Congo in CAF playoff semi-final.","CAF playoff semi-finalist","Lost 1-0 to DR Congo in CAF playoff semi-final.","FIFA / Wikipedia","https://en.wikipedia.org/wiki/2026_FIFA_World_Cup_qualification_(CAF)"
"caf_elim_po_nga","CAF","caf_2026_second_round","caf_nga","Nigeria","NGA","NG","39","2023-06-30","Lost CAF playoff final to DR Congo on penalties after a 1-1 draw after extra time.","CAF playoff runner-up","Lost CAF playoff final to DR Congo on penalties after a 1-1 draw after extra time.","FIFA / Wikipedia","https://en.wikipedia.org/wiki/2026_FIFA_World_Cup_qualification_(CAF)"
"CONCACAF_R1_TCA","CONCACAF","CONCACAF_R1","TCA","Turks and Caicos Islands","TCA","TC","206","2023-12-21","Lost first-round tie to Anguilla on penalties","","","FIFA / Wikipedia / Reuters","https://en.wikipedia.org/wiki/2026_FIFA_World_Cup_qualification_%E2%80%93_CONCACAF_first_round"
"CONCACAF_R1_VIR","CONCACAF","CONCACAF_R1","VIR","U.S. Virgin Islands","VIR","VI","208","2023-12-21","Lost first-round tie to British Virgin Islands on penalties","","","FIFA / Wikipedia / Reuters","https://en.wikipedia.org/wiki/2026_FIFA_World_Cup_qualification_%E2%80%93_CONCACAF_first_round"
"CONCACAF_R2_CUB","CONCACAF","CONCACAF_R2","CUB","Cuba","CUB","CU","169","2023-12-21","Finished outside top two in Second Round Group A","Group A","","FIFA / Wikipedia / Reuters","https://en.wikipedia.org/wiki/2026_FIFA_World_Cup_qualification_%E2%80%93_CONCACAF_second_round"
"CONCACAF_R2_CAY","CONCACAF","CONCACAF_R2","CAY","Cayman Islands","CAY","KY","197","2023-12-21","Finished outside top two in Second Round Group A","Group A","","FIFA / Wikipedia / Reuters","https://en.wikipedia.org/wiki/2026_FIFA_World_Cup_qualification_%E2%80%93_CONCACAF_second_round"
"CONCACAF_R2_ATG","CONCACAF","CONCACAF_R2","ATG","Antigua and Barbuda","ATG","AG","142","2023-12-21","Finished outside top two in Second Round Group A","Group A","","FIFA / Wikipedia / Reuters","https://en.wikipedia.org/wiki/2026_FIFA_World_Cup_qualification_%E2%80%93_CONCACAF_second_round"
"CONCACAF_R2_GRN","CONCACAF","CONCACAF_R2","GRN","Grenada","GRN","GD","174","2023-12-21","Finished outside top two in Second Round Group B","Group B","","FIFA / Wikipedia / Reuters","https://en.wikipedia.org/wiki/2026_FIFA_World_Cup_qualification_%E2%80%93_CONCACAF_second_round"
"CONCACAF_R2_SKN","CONCACAF","CONCACAF_R2","SKN","Saint Kitts and Nevis","SKN","KN","147","2023-12-21","Finished outside top two in Second Round Group B","Group B","","FIFA / Wikipedia / Reuters","https://en.wikipedia.org/wiki/2026_FIFA_World_Cup_qualification_%E2%80%93_CONCACAF_second_round"
"CONCACAF_R2_BAH","CONCACAF","CONCACAF_R2","BAH","Bahamas","BAH","BS","202","2023-12-21","Finished outside top two in Second Round Group B","Group B","","FIFA / Wikipedia / Reuters","https://en.wikipedia.org/wiki/2026_FIFA_World_Cup_qualification_%E2%80%93_CONCACAF_second_round"
"CONCACAF_R2_LCA","CONCACAF","CONCACAF_R2","LCA","Saint Lucia","LCA","LC","167","2023-12-21","Finished outside top two in Second Round Group C","Group C","","FIFA / Wikipedia / Reuters","https://en.wikipedia.org/wiki/2026_FIFA_World_Cup_qualification_%E2%80%93_CONCACAF_second_round"
"CONCACAF_R2_ARU","CONCACAF","CONCACAF_R2","ARU","Aruba","ARU","AW","193","2023-12-21","Finished outside top two in Second Round Group C","Group C","","FIFA / Wikipedia / Reuters","https://en.wikipedia.org/wiki/2026_FIFA_World_Cup_qualification_%E2%80%93_CONCACAF_second_round"
"CONCACAF_R2_BRB","CONCACAF","CONCACAF_R2","BRB","Barbados","BRB","BB","178","2023-12-21","Finished outside top two in Second Round Group C","Group C","","FIFA / Wikipedia / Reuters","https://en.wikipedia.org/wiki/2026_FIFA_World_Cup_qualification_%E2%80%93_CONCACAF_second_round"
"CONCACAF_R2_GUY","CONCACAF","CONCACAF_R2","GUY","Guyana","GUY","GY","157","2023-12-21","Finished outside top two in Second Round Group D","Group D","","FIFA / Wikipedia / Reuters","https://en.wikipedia.org/wiki/2026_FIFA_World_Cup_qualification_%E2%80%93_CONCACAF_second_round"
"CONCACAF_R2_MSR","CONCACAF","CONCACAF_R2","MSR","Montserrat","MSR","MS","176","2023-12-21","Finished outside top two in Second Round Group D","Group D","","FIFA / Wikipedia / Reuters","https://en.wikipedia.org/wiki/2026_FIFA_World_Cup_qualification_%E2%80%93_CONCACAF_second_round"
"CONCACAF_R2_BLZ","CONCACAF","CONCACAF_R2","BLZ","Belize","BLZ","BZ","182","2023-12-21","Finished outside top two in Second Round Group D","Group D","","FIFA / Wikipedia / Reuters","https://en.wikipedia.org/wiki/2026_FIFA_World_Cup_qualification_%E2%80%93_CONCACAF_second_round"
"CONCACAF_R2_DOM","CONCACAF","CONCACAF_R2","DOM","Dominican Republic","DOM","DO","151","2023-12-21","Finished outside top two in Second Round Group E","Group E","","FIFA / Wikipedia / Reuters","https://en.wikipedia.org/wiki/2026_FIFA_World_Cup_qualification_%E2%80%93_CONCACAF_second_round"
"CONCACAF_R2_DMA","CONCACAF","CONCACAF_R2","DMA","Dominica","DMA","DM","180","2023-12-21","Finished outside top two in Second Round Group E","Group E","","FIFA / Wikipedia / Reuters","https://en.wikipedia.org/wiki/2026_FIFA_World_Cup_qualification_%E2%80%93_CONCACAF_second_round"
"CONCACAF_R2_VGB","CONCACAF","CONCACAF_R2","VGB","British Virgin Islands","VGB","VG","207","2023-12-21","Finished outside top two in Second Round Group E","Group E","","FIFA / Wikipedia / Reuters","https://en.wikipedia.org/wiki/2026_FIFA_World_Cup_qualification_%E2%80%93_CONCACAF_second_round"
"CONCACAF_R2_PUR","CONCACAF","CONCACAF_R2","PUR","Puerto Rico","PUR","PR","160","2023-12-21","Finished outside top two in Second Round Group F","Group F","","FIFA / Wikipedia / Reuters","https://en.wikipedia.org/wiki/2026_FIFA_World_Cup_qualification_%E2%80%93_CONCACAF_second_round"
"CONCACAF_R2_VIN","CONCACAF","CONCACAF_R2","VIN","Saint Vincent and the Grenadines","VIN","VC","173","2023-12-21","Finished outside top two in Second Round Group F","Group F","","FIFA / Wikipedia / Reuters","https://en.wikipedia.org/wiki/2026_FIFA_World_Cup_qualification_%E2%80%93_CONCACAF_second_round"
"CONCACAF_R2_AIA","CONCACAF","CONCACAF_R2","AIA","Anguilla","AIA","AI","209","2023-12-21","Finished outside top two in Second Round Group F","Group F","","FIFA / Wikipedia / Reuters","https://en.wikipedia.org/wiki/2026_FIFA_World_Cup_qualification_%E2%80%93_CONCACAF_second_round"
"CONCACAF_R3_GUA","CONCACAF","CONCACAF_R3","GUA","Guatemala","GUA","GT","108","2023-12-21","Did not win Third Round Group A or qualify as one of top two runners-up","Group A","","FIFA / Wikipedia / Reuters","https://en.wikipedia.org/wiki/2026_FIFA_World_Cup_qualification_%E2%80%93_CONCACAF_third_round"
"CONCACAF_R3_SLV","CONCACAF","CONCACAF_R3","SLV","El Salvador","SLV","SV","78","2023-12-21","Did not win Third Round Group A or qualify as one of top two runners-up","Group A","","FIFA / Wikipedia / Reuters","https://en.wikipedia.org/wiki/2026_FIFA_World_Cup_qualification_%E2%80%93_CONCACAF_third_round"
"CONCACAF_R3_TRI","CONCACAF","CONCACAF_R3","TRI","Trinidad and Tobago","TRI","TT","96","2023-12-21","Did not win Third Round Group B or qualify as one of top two runners-up","Group B","","FIFA / Wikipedia / Reuters","https://en.wikipedia.org/wiki/2026_FIFA_World_Cup_qualification_%E2%80%93_CONCACAF_third_round"
"CONCACAF_R3_BER","CONCACAF","CONCACAF_R3","BER","Bermuda","BER","BM","171","2023-12-21","Did not win Third Round Group B or qualify as one of top two runners-up","Group B","","FIFA / Wikipedia / Reuters","https://en.wikipedia.org/wiki/2026_FIFA_World_Cup_qualification_%E2%80%93_CONCACAF_third_round"
"CONCACAF_R3_HON","CONCACAF","CONCACAF_R3","HON","Honduras","HON","HN","76","2023-12-21","Did not win Third Round Group C or qualify as one of top two runners-up","Group C","","FIFA / Wikipedia / Reuters","https://en.wikipedia.org/wiki/2026_FIFA_World_Cup_qualification_%E2%80%93_CONCACAF_third_round"
"CONCACAF_R3_CRC","CONCACAF","CONCACAF_R3","CRC","Costa Rica","CRC","CR","52","2023-12-21","Did not win Third Round Group C or qualify as one of top two runners-up","Group C","","FIFA / Wikipedia / Reuters","https://en.wikipedia.org/wiki/2026_FIFA_World_Cup_qualification_%E2%80%93_CONCACAF_third_round"
"CONCACAF_R3_NCA","CONCACAF","CONCACAF_R3","NCA","Nicaragua","NCA","NI","134","2023-12-21","Did not win Third Round Group C or qualify as one of top two runners-up","Group C","","FIFA / Wikipedia / Reuters","https://en.wikipedia.org/wiki/2026_FIFA_World_Cup_qualification_%E2%80%93_CONCACAF_third_round"
"CONCACAF_ICPO_SUR","CONCACAF","CONCACAF_ICPO","SUR","Suriname","SUR","SR","143","2023-12-21","Lost inter-confederation playoff semifinal 2-1 to Bolivia","Semifinal","","FIFA / Wikipedia / Reuters","https://www.reuters.com/sports/soccer/bolivia-rally-beat-suriname-reach-world-cup-playoff-final-2026-03-27/"
"CONCACAF_ICPO_JAM","CONCACAF","CONCACAF_ICPO","JAM","Jamaica","JAM","JM","55","2023-12-21","Lost inter-confederation playoff final 1-0 after extra time to DR Congo","Final","","FIFA / Wikipedia / Reuters","https://www.reuters.com/sports/soccer/dr-congo-score-extra-time-winner-qualify-world-cup-2026-03-31/"
"ELIM_VEN","CONMEBOL","CONMEBOL_R1","VEN","Venezuela","VEN","VE","57","2023-07-20","Finished 8 in the CONMEBOL league table; outside the top seven.","8","Eliminated at the end of the league table.","Wikipedia","https://en.wikipedia.org/wiki/2026_FIFA_World_Cup_qualification_(CONMEBOL)"
"ELIM_PER","CONMEBOL","CONMEBOL_R1","PER","Peru","PER","PE","21","2023-07-20","Finished 9 in the CONMEBOL league table; outside the top seven.","9","Eliminated at the end of the league table.","Wikipedia","https://en.wikipedia.org/wiki/2026_FIFA_World_Cup_qualification_(CONMEBOL)"
"ELIM_CHI","CONMEBOL","CONMEBOL_R1","CHI","Chile","CHI","CL","32","2023-07-20","Finished 10 in the CONMEBOL league table; outside the top seven.","10","Eliminated at the end of the league table.","Wikipedia","https://en.wikipedia.org/wiki/2026_FIFA_World_Cup_qualification_(CONMEBOL)"
"ELIM_BOL","CONMEBOL","CONMEBOL_ICPO","BOL","Bolivia","BOL","BO","83","2023-07-20","Lost 2-1 to Iraq in the inter-confederation playoff final.","7","Bolivia finished seventh in CONMEBOL, beat Suriname in the playoff semi-final, then lost to Iraq.","Wikipedia","https://en.wikipedia.org/wiki/2026_FIFA_World_Cup_qualification_(CONMEBOL)"
"ofc_elim_cok","OFC","ofc_r1","ofc_cok","Cook Islands","COK","CK","186","2024-07-18","Lost 1-3 to Tonga in Round One semifinal","Round One semifinalist","","OFC Round One","https://www.oceaniafootball.com/fifa-world-cup-2026-oceania-qualifiers/"
"ofc_elim_asa","OFC","ofc_r1","ofc_asa","American Samoa","ASA","AS","187","2024-07-18","Lost 0-2 to Samoa in Round One semifinal","Round One semifinalist","","OFC Round One","https://www.oceaniafootball.com/fifa-world-cup-2026-oceania-qualifiers/"
"ofc_elim_tga","OFC","ofc_r1","ofc_tga","Tonga","TGA","TO","200","2024-07-18","Lost 1-2 after extra time to Samoa in Round One final","Round One runner-up","","OFC Round One","https://www.oceaniafootball.com/fifa-world-cup-2026-oceania-qualifiers/"
"ofc_elim_sol","OFC","ofc_r2","ofc_sol","Solomon Islands","SOL","SB","141","2024-07-18","Finished third in Round Two Group A","Group A 3rd place","","OFC Round Two","https://www.oceaniafootball.com/fifa-world-cup-2026-oceania-qualifiers-round-two/"
"ofc_elim_png","OFC","ofc_r2","ofc_png","Papua New Guinea","PNG","PG","168","2024-07-18","Finished fourth in Round Two Group A","Group A 4th place","","OFC Round Two","https://www.oceaniafootball.com/fifa-world-cup-2026-oceania-qualifiers-round-two/"
"ofc_elim_van","OFC","ofc_r2","ofc_van","Vanuatu","VAN","VU","162","2024-07-18","Finished third in Round Two Group B","Group B 3rd place","","OFC Round Two","https://www.oceaniafootball.com/fifa-world-cup-2026-oceania-qualifiers-round-two/"
"ofc_elim_sam","OFC","ofc_r2","ofc_sam","Samoa","SAM","WS","192","2024-07-18","Finished fourth in Round Two Group B","Group B 4th place","Round One winner; eliminated in Round Two.","OFC Round Two","https://www.oceaniafootball.com/fifa-world-cup-2026-oceania-qualifiers-round-two/"
"ofc_elim_tah","OFC","ofc_r3","ofc_tah","Tahiti","TAH","PF","158","2024-07-18","Lost 0-3 to New Caledonia in Third Round semifinal","Third Round semifinalist","","OFC Round Three","https://www.oceaniafootball.com/fifa-world-cup-26-oceania-qualifiers-round-three/"
"ofc_elim_fij","OFC","ofc_r3","ofc_fij","Fiji","FIJ","FJ","153","2024-07-18","Lost 0-7 to New Zealand in Third Round semifinal","Third Round semifinalist","","OFC Round Three","https://www.oceaniafootball.com/fifa-world-cup-26-oceania-qualifiers-round-three/"
"ofc_elim_ncl","OFC","ofc_icp","ofc_ncl","New Caledonia","NCL","NC","160","2024-07-18","Lost 0-1 to Jamaica in inter-confederation playoff semifinal","OFC runner-up / inter-confederation playoff semifinalist","OFC runner-up and playoff participant; eliminated by Jamaica.","OFC Playoff Report","https://www.oceaniafootball.com/brave-new-caledonia-fall-narrowly-in-historic-fifa-world-cup-play-off/"
"UEFA_SUSPENDED_RUS","UEFA","UEFA_DID_NOT_ENTER","RUS","Russia","RUS","RU","34","2024-11-28","Entry invalidated due to suspension from UEFA and FIFA competitions.","Did not enter","Listed separately from normal qualifying eliminations.","Wikipedia / UEFA suspension note","https://en.wikipedia.org/wiki/2026_FIFA_World_Cup_qualification_(UEFA)"
"UEFA_R1_GA_LUX","UEFA","UEFA_R1","LUX","Luxembourg","LUX","LU","92","2024-11-28","Did not win group, finish runner-up, or receive a Nations League play-off route.","4 in UEFA Group A","Eliminated in first round group stage","FIFA / UEFA standings as mirrored in Wikipedia","https://en.wikipedia.org/wiki/2026_FIFA_World_Cup_qualification_(UEFA)"
"UEFA_R1_GB_SVN","UEFA","UEFA_R1","SVN","Slovenia","SVN","SI","55","2024-11-28","Did not win group, finish runner-up, or receive a Nations League play-off route.","3 in UEFA Group B","Eliminated in first round group stage","FIFA / UEFA standings as mirrored in Wikipedia","https://en.wikipedia.org/wiki/2026_FIFA_World_Cup_qualification_(UEFA)"
"UEFA_R1_GC_GRE","UEFA","UEFA_R1","GRE","Greece","GRE","GR","39","2024-11-28","Did not win group, finish runner-up, or receive a Nations League play-off route.","3 in UEFA Group C","Eliminated in first round group stage","FIFA / UEFA standings as mirrored in Wikipedia","https://en.wikipedia.org/wiki/2026_FIFA_World_Cup_qualification_(UEFA)"
"UEFA_R1_GC_BLR","UEFA","UEFA_R1","BLR","Belarus","BLR","BY","98","2024-11-28","Did not win group, finish runner-up, or receive a Nations League play-off route.","4 in UEFA Group C","Eliminated in first round group stage","FIFA / UEFA standings as mirrored in Wikipedia","https://en.wikipedia.org/wiki/2026_FIFA_World_Cup_qualification_(UEFA)"
"UEFA_R1_GD_ISL","UEFA","UEFA_R1","ISL","Iceland","ISL","IS","70","2024-11-28","Did not win group, finish runner-up, or receive a Nations League play-off route.","3 in UEFA Group D","Eliminated in first round group stage","FIFA / UEFA standings as mirrored in Wikipedia","https://en.wikipedia.org/wiki/2026_FIFA_World_Cup_qualification_(UEFA)"
"UEFA_R1_GD_AZE","UEFA","UEFA_R1","AZE","Azerbaijan","AZE","AZ","117","2024-11-28","Did not win group, finish runner-up, or receive a Nations League play-off route.","4 in UEFA Group D","Eliminated in first round group stage","FIFA / UEFA standings as mirrored in Wikipedia","https://en.wikipedia.org/wiki/2026_FIFA_World_Cup_qualification_(UEFA)"
"UEFA_R1_GE_GEO","UEFA","UEFA_R1","GEO","Georgia","GEO","GE","68","2024-11-28","Did not win group, finish runner-up, or receive a Nations League play-off route.","3 in UEFA Group E","Eliminated in first round group stage","FIFA / UEFA standings as mirrored in Wikipedia","https://en.wikipedia.org/wiki/2026_FIFA_World_Cup_qualification_(UEFA)"
"UEFA_R1_GE_BUL","UEFA","UEFA_R1","BUL","Bulgaria","BUL","BG","82","2024-11-28","Did not win group, finish runner-up, or receive a Nations League play-off route.","4 in UEFA Group E","Eliminated in first round group stage","FIFA / UEFA standings as mirrored in Wikipedia","https://en.wikipedia.org/wiki/2026_FIFA_World_Cup_qualification_(UEFA)"
"UEFA_R1_GF_HUN","UEFA","UEFA_R1","HUN","Hungary","HUN","HU","30","2024-11-28","Did not win group, finish runner-up, or receive a Nations League play-off route.","3 in UEFA Group F","Eliminated in first round group stage","FIFA / UEFA standings as mirrored in Wikipedia","https://en.wikipedia.org/wiki/2026_FIFA_World_Cup_qualification_(UEFA)"
"UEFA_R1_GF_ARM","UEFA","UEFA_R1","ARM","Armenia","ARM","AM","100","2024-11-28","Did not win group, finish runner-up, or receive a Nations League play-off route.","4 in UEFA Group F","Eliminated in first round group stage","FIFA / UEFA standings as mirrored in Wikipedia","https://en.wikipedia.org/wiki/2026_FIFA_World_Cup_qualification_(UEFA)"
"UEFA_R1_GG_FIN","UEFA","UEFA_R1","FIN","Finland","FIN","FI","69","2024-11-28","Did not win group, finish runner-up, or receive a Nations League play-off route.","3 in UEFA Group G","Eliminated in first round group stage","FIFA / UEFA standings as mirrored in Wikipedia","https://en.wikipedia.org/wiki/2026_FIFA_World_Cup_qualification_(UEFA)"
"UEFA_R1_GG_MLT","UEFA","UEFA_R1","MLT","Malta","MLT","MT","169","2024-11-28","Did not win group, finish runner-up, or receive a Nations League play-off route.","4 in UEFA Group G","Eliminated in first round group stage","FIFA / UEFA standings as mirrored in Wikipedia","https://en.wikipedia.org/wiki/2026_FIFA_World_Cup_qualification_(UEFA)"
"UEFA_R1_GG_LTU","UEFA","UEFA_R1","LTU","Lithuania","LTU","LT","142","2024-11-28","Did not win group, finish runner-up, or receive a Nations League play-off route.","5 in UEFA Group G","Eliminated in first round group stage","FIFA / UEFA standings as mirrored in Wikipedia","https://en.wikipedia.org/wiki/2026_FIFA_World_Cup_qualification_(UEFA)"
"UEFA_R1_GH_CYP","UEFA","UEFA_R1","CYP","Cyprus","CYP","CY","130","2024-11-28","Did not win group, finish runner-up, or receive a Nations League play-off route.","4 in UEFA Group H","Eliminated in first round group stage","FIFA / UEFA standings as mirrored in Wikipedia","https://en.wikipedia.org/wiki/2026_FIFA_World_Cup_qualification_(UEFA)"
"UEFA_R1_GH_SMR","UEFA","UEFA_R1","SMR","San Marino","SMR","SM","210","2024-11-28","Did not win group, finish runner-up, or receive a Nations League play-off route.","5 in UEFA Group H","Eliminated in first round group stage","FIFA / UEFA standings as mirrored in Wikipedia","https://en.wikipedia.org/wiki/2026_FIFA_World_Cup_qualification_(UEFA)"
"UEFA_R1_GI_ISR","UEFA","UEFA_R1","ISR","Israel","ISR","IL","76","2024-11-28","Did not win group, finish runner-up, or receive a Nations League play-off route.","3 in UEFA Group I","Eliminated in first round group stage","FIFA / UEFA standings as mirrored in Wikipedia","https://en.wikipedia.org/wiki/2026_FIFA_World_Cup_qualification_(UEFA)"
"UEFA_R1_GI_EST","UEFA","UEFA_R1","EST","Estonia","EST","EE","123","2024-11-28","Did not win group, finish runner-up, or receive a Nations League play-off route.","4 in UEFA Group I","Eliminated in first round group stage","FIFA / UEFA standings as mirrored in Wikipedia","https://en.wikipedia.org/wiki/2026_FIFA_World_Cup_qualification_(UEFA)"
"UEFA_R1_GI_MDA","UEFA","UEFA_R1","MDA","Moldova","MDA","MD","151","2024-11-28","Did not win group, finish runner-up, or receive a Nations League play-off route.","5 in UEFA Group I","Eliminated in first round group stage","FIFA / UEFA standings as mirrored in Wikipedia","https://en.wikipedia.org/wiki/2026_FIFA_World_Cup_qualification_(UEFA)"
"UEFA_R1_GJ_KAZ","UEFA","UEFA_R1","KAZ","Kazakhstan","KAZ","KZ","110","2024-11-28","Did not win group, finish runner-up, or receive a Nations League play-off route.","4 in UEFA Group J","Eliminated in first round group stage","FIFA / UEFA standings as mirrored in Wikipedia","https://en.wikipedia.org/wiki/2026_FIFA_World_Cup_qualification_(UEFA)"
"UEFA_R1_GJ_LIE","UEFA","UEFA_R1","LIE","Liechtenstein","LIE","LI","204","2024-11-28","Did not win group, finish runner-up, or receive a Nations League play-off route.","5 in UEFA Group J","Eliminated in first round group stage","FIFA / UEFA standings as mirrored in Wikipedia","https://en.wikipedia.org/wiki/2026_FIFA_World_Cup_qualification_(UEFA)"
"UEFA_R1_GK_SRB","UEFA","UEFA_R1","SRB","Serbia","SRB","RS","32","2024-11-28","Did not win group, finish runner-up, or receive a Nations League play-off route.","3 in UEFA Group K","Eliminated in first round group stage","FIFA / UEFA standings as mirrored in Wikipedia","https://en.wikipedia.org/wiki/2026_FIFA_World_Cup_qualification_(UEFA)"
"UEFA_R1_GK_LVA","UEFA","UEFA_R1","LVA","Latvia","LVA","LV","140","2024-11-28","Did not win group, finish runner-up, or receive a Nations League play-off route.","4 in UEFA Group K","Eliminated in first round group stage","FIFA / UEFA standings as mirrored in Wikipedia","https://en.wikipedia.org/wiki/2026_FIFA_World_Cup_qualification_(UEFA)"
"UEFA_R1_GK_AND","UEFA","UEFA_R1","AND","Andorra","AND","AD","171","2024-11-28","Did not win group, finish runner-up, or receive a Nations League play-off route.","5 in UEFA Group K","Eliminated in first round group stage","FIFA / UEFA standings as mirrored in Wikipedia","https://en.wikipedia.org/wiki/2026_FIFA_World_Cup_qualification_(UEFA)"
"UEFA_R1_GL_FRO","UEFA","UEFA_R1","FRO","Faroe Islands","FRO","FO","137","2024-11-28","Did not win group, finish runner-up, or receive a Nations League play-off route.","3 in UEFA Group L","Eliminated in first round group stage","FIFA / UEFA standings as mirrored in Wikipedia","https://en.wikipedia.org/wiki/2026_FIFA_World_Cup_qualification_(UEFA)"
"UEFA_R1_GL_MNE","UEFA","UEFA_R1","MNE","Montenegro","MNE","ME","73","2024-11-28","Did not win group, finish runner-up, or receive a Nations League play-off route.","4 in UEFA Group L","Eliminated in first round group stage","FIFA / UEFA standings as mirrored in Wikipedia","https://en.wikipedia.org/wiki/2026_FIFA_World_Cup_qualification_(UEFA)"
"UEFA_R1_GL_GIB","UEFA","UEFA_R1","GIB","Gibraltar","GIB","GI","197","2024-11-28","Did not win group, finish runner-up, or receive a Nations League play-off route.","5 in UEFA Group L","Eliminated in first round group stage","FIFA / UEFA standings as mirrored in Wikipedia","https://en.wikipedia.org/wiki/2026_FIFA_World_Cup_qualification_(UEFA)"
"UEFA_R2_PATH_A_SF1_NIR","UEFA","UEFA_R2","NIR","Northern Ireland","NIR","GB-NIR","71","2024-11-28","Lost UEFA play-off semi-final","UEFA play-offs Path A semi-final loser","Lost to Italy 2-0","UEFA play-off results","https://en.wikipedia.org/wiki/2026_FIFA_World_Cup_qualification_%E2%80%93_UEFA_second_round"
"UEFA_R2_PATH_A_SF2_WAL","UEFA","UEFA_R2","WAL","Wales","WAL","GB-WLS","29","2024-11-28","Lost UEFA play-off semi-final","UEFA play-offs Path A semi-final loser","Lost to Bosnia and Herzegovina 1-1 on penalties (2-4)","UEFA play-off results","https://en.wikipedia.org/wiki/2026_FIFA_World_Cup_qualification_%E2%80%93_UEFA_second_round"
"UEFA_R2_PATH_A_FINAL_ITA","UEFA","UEFA_R2","ITA","Italy","ITA","IT","9","2024-11-28","Lost UEFA play-off final","UEFA play-offs Path A final loser","Lost to Bosnia and Herzegovina 1-1 on penalties (4-1)","UEFA play-off results","https://en.wikipedia.org/wiki/2026_FIFA_World_Cup_qualification_%E2%80%93_UEFA_second_round"
"UEFA_R2_PATH_B_SF1_UKR","UEFA","UEFA_R2","UKR","Ukraine","UKR","UA","25","2024-11-28","Lost UEFA play-off semi-final","UEFA play-offs Path B semi-final loser","Lost to Sweden 1-3","UEFA play-off results","https://en.wikipedia.org/wiki/2026_FIFA_World_Cup_qualification_%E2%80%93_UEFA_second_round"
"UEFA_R2_PATH_B_SF2_ALB","UEFA","UEFA_R2","ALB","Albania","ALB","AL","65","2024-11-28","Lost UEFA play-off semi-final","UEFA play-offs Path B semi-final loser","Lost to Poland 2-1","UEFA play-off results","https://en.wikipedia.org/wiki/2026_FIFA_World_Cup_qualification_%E2%80%93_UEFA_second_round"
"UEFA_R2_PATH_B_FINAL_POL","UEFA","UEFA_R2","POL","Poland","POL","PL","35","2024-11-28","Lost UEFA play-off final","UEFA play-offs Path B final loser","Lost to Sweden 3-2","UEFA play-off results","https://en.wikipedia.org/wiki/2026_FIFA_World_Cup_qualification_%E2%80%93_UEFA_second_round"
"UEFA_R2_PATH_C_SF1_ROU","UEFA","UEFA_R2","ROU","Romania","ROU","RO","38","2024-11-28","Lost UEFA play-off semi-final","UEFA play-offs Path C semi-final loser","Lost to Turkey 1-0","UEFA play-off results","https://en.wikipedia.org/wiki/2026_FIFA_World_Cup_qualification_%E2%80%93_UEFA_second_round"
"UEFA_R2_PATH_C_SF2_SVK","UEFA","UEFA_R2","SVK","Slovakia","SVK","SK","41","2024-11-28","Lost UEFA play-off semi-final","UEFA play-offs Path C semi-final loser","Lost to Kosovo 3-4","UEFA play-off results","https://en.wikipedia.org/wiki/2026_FIFA_World_Cup_qualification_%E2%80%93_UEFA_second_round"
"UEFA_R2_PATH_C_FINAL_KVX","UEFA","UEFA_R2","KVX","Kosovo","KVX","XK","99","2024-11-28","Lost UEFA play-off final","UEFA play-offs Path C final loser","Lost to Turkey 0-1","UEFA play-off results","https://en.wikipedia.org/wiki/2026_FIFA_World_Cup_qualification_%E2%80%93_UEFA_second_round"
"UEFA_R2_PATH_D_SF1_MKD","UEFA","UEFA_R2","MKD","North Macedonia","MKD","MK","67","2024-11-28","Lost UEFA play-off semi-final","UEFA play-offs Path D semi-final loser","Lost to Denmark 4-0","UEFA play-off results","https://en.wikipedia.org/wiki/2026_FIFA_World_Cup_qualification_%E2%80%93_UEFA_second_round"
"UEFA_R2_PATH_D_SF2_IRL","UEFA","UEFA_R2","IRL","Republic of Ireland","IRL","IE","60","2024-11-28","Lost UEFA play-off semi-final","UEFA play-offs Path D semi-final loser","Lost to Czech Republic 2-2 on penalties (4-3)","UEFA play-off results","https://en.wikipedia.org/wiki/2026_FIFA_World_Cup_qualification_%E2%80%93_UEFA_second_round"
"UEFA_R2_PATH_D_FINAL_DEN","UEFA","UEFA_R2","DEN","Denmark","DEN","DK","21","2024-11-28","Lost UEFA play-off final","UEFA play-offs Path D final loser","Lost to Czech Republic 2-2 on penalties (3-1)","UEFA play-off results","https://en.wikipedia.org/wiki/2026_FIFA_World_Cup_qualification_%E2%80%93_UEFA_second_round"
