team_name,player_name,shirt_number,position,club
Bosnia and Herzegovina,Nikola Vasilj,,GK,FC St. Pauli
Bosnia and Herzegovina,Martin Zlomislić,,GK,Rijeka
Bosnia and Herzegovina,Osman Hadžikić,,GK,Slaven Belupo
Bosnia and Herzegovina,Sead Kolašinac,,DF,Atalanta
Bosnia and Herzegovina,Dennis Hadžikadunić,,DF,Sampdoria
Bosnia and Herzegovina,Amar Dedić,,DF,Benfica
Bosnia and Herzegovina,Nikola Katić,,DF,Schalke 04
Bosnia and Herzegovina,Tarik Muharemović,,DF,Sassuolo
Bosnia and Herzegovina,Nihad Mujakić,,DF,Gaziantep
Bosnia and Herzegovina,Stjepan Radeljić,,DF,Rijeka
Bosnia and Herzegovina,Nidal Čelik,,DF,Lens
Bosnia and Herzegovina,Amir Hadžiahmetović,,MF,Hull City
Bosnia and Herzegovina,Benjamin Tahirović,,MF,Brøndby
Bosnia and Herzegovina,Armin Gigović,,MF,Young Boys
Bosnia and Herzegovina,Dženis Burnić,,MF,Karlsruher SC
Bosnia and Herzegovina,Ivan Bašić,,MF,Astana
Bosnia and Herzegovina,Esmir Bajraktarević,,MF,PSV Eindhoven
Bosnia and Herzegovina,Amar Memić,,MF,Viktoria Plzeň
Bosnia and Herzegovina,Ivan Šunjić,,MF,Pafos
Bosnia and Herzegovina,Kerim Alajbegović,,MF,Red Bull Salzburg
Bosnia and Herzegovina,Ermin Mahmić,,MF,Slovan Liberec
Bosnia and Herzegovina,Edin Džeko,,FW,Schalke 04
Bosnia and Herzegovina,Ermedin Demirović,,FW,VfB Stuttgart
Bosnia and Herzegovina,Samed Baždar,,FW,Jagiellonia Białystok
Bosnia and Herzegovina,Haris Tabaković,,FW,Borussia Mönchengladbach
Bosnia and Herzegovina,Jovo Lukić,,FW,Universitatea Cluj
Haiti,Johny Placide,,GK,Bastia
Haiti,Alexandre Pierre,,GK,Sochaux
Haiti,Josué Duverger,,GK,Cosmos Koblenz
Haiti,Ricardo Adé,,DF,LDU Quito
Haiti,Carlens Arcus,,DF,Angers
Haiti,Martin Expérience,,DF,Nancy
Haiti,Jean-Kévin Duverne,,DF,Gent
Haiti,Duke Lacroix,,DF,Colorado Springs Switchbacks FC
Haiti,Wilguens Paugain,,DF,Zulte Waregem
Haiti,Hannes Delcroix,,DF,Lugano
Haiti,Keeto Thermoncy,,DF,Young Boys
Haiti,Leverton Pierre,,MF,Vizela
Haiti,Danley Jean Jacques,,MF,Philadelphia Union
Haiti,Carl Sainté,,MF,El Paso Locomotive FC
Haiti,Jean-Ricner Bellegarde,,MF,Wolverhampton Wanderers
Haiti,Woodensky Pierre,,MF,Violette
Haiti,Dominique Simon,,MF,Tatran Prešov
Haiti,Duckens Nazon,,FW,Esteghlal
Haiti,Frantzdy Pierrot,,FW,Çaykur Rizespor
Haiti,Derrick Etienne Jr.,,FW,Toronto FC
Haiti,Louicius Deedson,,FW,FC Dallas
Haiti,Ruben Providence,,FW,Almere City
Haiti,Josué Casimir,,FW,Auxerre
Haiti,Yassin Fortuné,,FW,Vizela
Haiti,Wilson Isidor,,FW,Sunderland
Haiti,Lenny Joseph,,FW,Ferencváros
Ivory Coast,Yahia Fofana,,GK,Çaykur Rizespor
Ivory Coast,Alban Lafont,,GK,Panathinaikos
Ivory Coast,Mohamed Koné,,GK,Charleroi
Ivory Coast,Ghislain Konan,,DF,Gil Vicente
Ivory Coast,Odilon Kossounou,,DF,Atalanta
Ivory Coast,Wilfried Singo,,DF,Galatasaray
Ivory Coast,Evan Ndicka,,DF,Roma
Ivory Coast,Emmanuel Agbadou,,DF,Beşiktaş
Ivory Coast,Guéla Doué,,DF,Strasbourg
Ivory Coast,Ousmane Diomande,,DF,Sporting CP
Ivory Coast,Clément Akpa,,DF,Auxerre
Ivory Coast,Franck Kessié,,MF,Al-Ahli
Ivory Coast,Jean Michaël Seri,,MF,Maribor
Ivory Coast,Ibrahim Sangaré,,MF,Nottingham Forest
Ivory Coast,Seko Fofana,,MF,Porto
Ivory Coast,Christ Inao Oulaï,,MF,Trabzonspor
Ivory Coast,Parfait Guiagon,,MF,Charleroi
Ivory Coast,Nicolas Pépé,,FW,Villarreal
Ivory Coast,Oumar Diakité,,FW,Cercle Brugge
Ivory Coast,Simon Adingra,,FW,Monaco
Ivory Coast,Evann Guessand,,FW,Crystal Palace
Ivory Coast,Amad Diallo,,FW,Manchester United
Ivory Coast,Yan Diomande,,FW,RB Leipzig
Ivory Coast,Bazoumana Touré,,FW,TSG Hoffenheim
Ivory Coast,Elye Wahi,,FW,Nice
Ivory Coast,Ange-Yoan Bonny,,FW,Inter Milan
Japan,Zion Suzuki,,GK,Parma
Japan,Keisuke Ōsako,,GK,Sanfrecce Hiroshima
Japan,Tomoki Hayakawa,,GK,Kashima Antlers
Japan,Yūto Nagatomo,,DF,FC Tokyo
Japan,Takehiro Tomiyasu,,DF,Ajax
Japan,Kō Itakura,,DF,Ajax
Japan,Shōgo Taniguchi,,DF,Sint-Truiden
Japan,Hiroki Itō,,DF,Bayern Munich
Japan,Yukinari Sugawara,,DF,Werder Bremen
Japan,Ayumu Seko,,DF,Le Havre
Japan,Tsuyoshi Watanabe,,DF,Feyenoord
Japan,Junnosuke Suzuki,,DF,Copenhagen
Japan,Wataru Endo,,MF,Liverpool
Japan,Junya Itō,,MF,Genk
Japan,Ritsu Dōan,,MF,Eintracht Frankfurt
Japan,Daichi Kamada,,MF,Crystal Palace
Japan,Takefusa Kubo,,MF,Real Sociedad
Japan,Ao Tanaka,,MF,Leeds United
Japan,Keito Nakamura,,MF,Reims
Japan,Kaishū Sano,,MF,Mainz 05
Japan,Ayase Ueda,,FW,Feyenoord
Japan,Daizen Maeda,,FW,Celtic
Japan,Kōki Ogawa,,FW,NEC
Japan,Yuito Suzuki,,FW,SC Freiburg
Japan,Keisuke Gotō,,FW,Sint-Truiden
Japan,Kento Shiogai,,FW,VfL Wolfsburg
Sweden,Kristoffer Nordfeldt,,GK,AIK
Sweden,Viktor Johansson,,GK,Stoke City
Sweden,Jacob Widell Zetterström,,GK,Derby County
Sweden,Victor Lindelöf,,DF,Aston Villa
Sweden,Isak Hien,,DF,Atalanta
Sweden,Gabriel Gudmundsson,,DF,Leeds United
Sweden,Carl Starfelt,,DF,Celta Vigo
Sweden,Emil Holm,,DF,Juventus
Sweden,Hjalmar Ekdal,,DF,Burnley
Sweden,Daniel Svensson,,DF,Borussia Dortmund
Sweden,Gustaf Lagerbielke,,DF,Braga
Sweden,Eric Smith,,DF,FC St. Pauli
Sweden,Elliot Stroud,,DF,Mjällby AIF
Sweden,Mattias Svanberg,,MF,VfL Wolfsburg
Sweden,Jesper Karlström,,MF,Udinese
Sweden,Yasin Ayari,,MF,Brighton & Hove Albion
Sweden,Lucas Bergvall,,MF,Tottenham Hotspur
Sweden,Besfort Zeneli,,MF,Union Saint-Gilloise
Sweden,Alexander Isak,,FW,Liverpool
Sweden,Viktor Gyökeres,,FW,Arsenal
Sweden,Ken Sema,,FW,Pafos
Sweden,Anthony Elanga,,FW,Newcastle United
Sweden,Benjamin Nygren,,FW,Celtic
Sweden,Alexander Bernhardsson,,FW,Holstein Kiel
Sweden,Gustaf Nilsson,,FW,Club Brugge
Sweden,Taha Ali,,FW,Malmö FF
Tunisia,Aymen Dahmen,,GK,CS Sfaxien
Tunisia,Sabri Ben Hessen,,GK,Étoile du Sahel
Tunisia,Mouhib Chamakh,,GK,Club Africain
Tunisia,Montassar Talbi,,DF,Lorient
Tunisia,Dylan Bronn,,DF,Servette
Tunisia,Ali Abdi,,DF,Nice
Tunisia,Yan Valery,,DF,Young Boys
Tunisia,Mohamed Amine Ben Hamida,,DF,Espérance de Tunis
Tunisia,Moutaz Neffati,,DF,IFK Norrköping
Tunisia,Omar Rekik,,DF,Maribor
Tunisia,Adem Arous,,DF,Kasımpaşa
Tunisia,Raed Chikhaoui,,DF,US Monastir
Tunisia,Ellyes Skhiri,,MF,Eintracht Frankfurt
Tunisia,Hannibal Mejbri,,MF,Burnley
Tunisia,Anis Ben Slimane,,MF,Norwich City
Tunisia,Mortadha Ben Ouanes,,MF,Kasımpaşa
Tunisia,Ismaël Gharbi,,MF,FC Augsburg
Tunisia,Hadj Mahmoud,,MF,Lugano
Tunisia,Rani Khedira,,MF,Union Berlin
Tunisia,Elias Achouri,,FW,Copenhagen
Tunisia,Firas Chaouat,,FW,Club Africain
Tunisia,Hazem Mastouri,,FW,Dynamo Makhachkala
Tunisia,Elias Saad,,FW,Hannover 96
Tunisia,Sebastian Tounekti,,FW,Celtic
Tunisia,Khalil Ayari,,FW,Paris Saint-Germain
Tunisia,Rayan Elloumi,,FW,Vancouver Whitecaps FC
Belgium,Thibaut Courtois,,GK,Real Madrid
Belgium,Senne Lammens,,GK,Manchester United
Belgium,Mike Penders,,GK,Strasbourg
Belgium,Thomas Meunier,,DF,Lille
Belgium,Timothy Castagne,,DF,Fulham
Belgium,Arthur Theate,,DF,Eintracht Frankfurt
Belgium,Zeno Debast,,DF,Sporting CP
Belgium,Maxim De Cuyper,,DF,Brighton & Hove Albion
Belgium,Brandon Mechele,,DF,Club Brugge
Belgium,Koni De Winter,,DF,Milan
Belgium,Joaquin Seys,,DF,Club Brugge
Belgium,Nathan Ngoy,,DF,Lille
Belgium,Axel Witsel,,MF,Girona
Belgium,Kevin De Bruyne,,MF,Napoli
Belgium,Youri Tielemans,,MF,Aston Villa
Belgium,Hans Vanaken,,MF,Club Brugge
Belgium,Amadou Onana,,MF,Aston Villa
Belgium,Nicolas Raskin,,MF,Rangers
Belgium,Romelu Lukaku,,FW,Napoli
Belgium,Leandro Trossard,,FW,Arsenal
Belgium,Jérémy Doku,,FW,Manchester City
Belgium,Dodi Lukébakio,,FW,Benfica
Belgium,Charles De Ketelaere,,FW,Atalanta
Belgium,Alexis Saelemaekers,,FW,Milan
Belgium,Diego Moreira,,FW,Strasbourg
Belgium,Matias Fernandez-Pardo,,FW,Lille
New Zealand,Max Crocombe,1,GK,Millwall
New Zealand,Tim Payne,2,DF,Wellington Phoenix
New Zealand,Francis de Vries,3,DF,Auckland FC
New Zealand,Tyler Bindon,4,DF,Sheffield United
New Zealand,Michael Boxall,5,DF,Minnesota United FC
New Zealand,Joe Bell,6,MF,Viking
New Zealand,Matthew Garbett,7,MF,Peterborough United
New Zealand,Marko Stamenić,8,MF,Swansea City
New Zealand,Chris Wood,9,FW,Nottingham Forest
New Zealand,Sarpreet Singh,10,MF,Wellington Phoenix
New Zealand,Elijah Just,11,MF,Motherwell
New Zealand,Alex Paulsen,12,GK,Lechia Gdańsk
New Zealand,Liberato Cacace,13,DF,Wrexham
New Zealand,Alex Rufer,14,MF,Wellington Phoenix
New Zealand,Nando Pijnaker,15,DF,Auckland FC
New Zealand,Finn Surman,16,DF,Portland Timbers
New Zealand,Kosta Barbarouses,17,FW,Western Sydney Wanderers
New Zealand,Ben Waine,18,FW,Port Vale
New Zealand,Ben Old,19,MF,Saint-Étienne
New Zealand,Callum McCowatt,20,MF,Silkeborg
New Zealand,Jesse Randall,21,FW,Auckland FC
New Zealand,Michael Woud,22,GK,Auckland FC
New Zealand,Ryan Thomas,23,MF,PEC Zwolle
New Zealand,Callan Elliot,24,DF,Auckland FC
New Zealand,Lachlan Bayliss,25,MF,Newcastle Jets
New Zealand,Tommy Smith,26,DF,Braintree Town
France,Mike Maignan,,GK,Milan
France,Brice Samba,,GK,Rennes
France,Robin Risser,,GK,Lens
France,Lucas Digne,,DF,Aston Villa
France,Jules Koundé,,DF,Barcelona
France,Théo Hernandez,,DF,Al-Hilal
France,Lucas Hernandez,,DF,Paris Saint-Germain
France,Dayot Upamecano,,DF,Bayern Munich
France,William Saliba,,DF,Arsenal
France,Ibrahima Konaté,,DF,Liverpool
France,Malo Gusto,,DF,Chelsea
France,Maxence Lacroix,,DF,Crystal Palace
France,N'Golo Kanté,,MF,Fenerbahçe
France,Adrien Rabiot,,MF,Milan
France,Aurélien Tchouaméni,,MF,Real Madrid
France,Manu Koné,,MF,Roma
France,Warren Zaïre-Emery,,MF,Paris Saint-Germain
France,Kylian Mbappé,,FW,Real Madrid
France,Ousmane Dembélé,,FW,Paris Saint-Germain
France,Marcus Thuram,,FW,Inter Milan
France,Bradley Barcola,,FW,Paris Saint-Germain
France,Michael Olise,,FW,Bayern Munich
France,Maghnes Akliouche,,FW,Monaco
France,Désiré Doué,,FW,Paris Saint-Germain
France,Rayan Cherki,,FW,Manchester City
France,Jean-Philippe Mateta,,FW,Crystal Palace
