qualifying_groups,m74,m77,m79,m80,m81,m82,m85,m87
ABCDEFGH,C,F,H,E,B,A,G,D
ABCDEFGI,D,F,C,I,B,A,G,E
ABCDEFGJ,D,F,C,J,B,A,G,E
ABCDEFGK,D,F,C,K,B,A,G,E
ABCDEFGL,D,F,C,E,B,A,G,L
ABCDEFHI,C,F,H,I,B,A,E,D
ABCDEFHJ,C,F,H,E,B,A,J,D
ABCDEFHK,C,F,H,K,B,A,E,D
ABCDEFHL,C,D,H,E,B,A,F,L
ABCDEFIJ,D,F,C,I,B,A,J,E
ABCDEFIK,D,F,C,K,B,A,E,I
ABCDEFIL,D,F,C,I,B,A,E,L
ABCDEFJK,D,F,C,K,B,A,J,E
ABCDEFJL,D,F,C,E,B,A,J,L
ABCDEFKL,D,F,C,K,B,A,E,L
ABCDEGHI,C,D,H,I,B,A,G,E
ABCDEGHJ,C,D,H,J,B,A,G,E
ABCDEGHK,C,D,H,K,B,A,G,E
ABCDEGHL,C,D,H,E,B,A,G,L
ABCDEGIJ,C,D,E,J,B,A,G,I
ABCDEGIK,C,D,E,K,B,A,G,I
ABCDEGIL,C,D,E,I,B,A,G,L
ABCDEGJK,C,D,E,K,B,A,G,J
ABCDEGJL,C,D,E,J,B,A,G,L
ABCDEGKL,C,D,E,K,B,A,G,L
ABCDEHIJ,C,D,H,I,B,A,J,E
ABCDEHIK,C,D,H,K,B,A,E,I
ABCDEHIL,C,D,H,I,B,A,E,L
ABCDEHJK,C,D,H,K,B,A,J,E
ABCDEHJL,C,D,H,E,B,A,J,L
ABCDEHKL,C,D,H,K,B,A,E,L
ABCDEIJK,C,D,E,K,B,A,J,I
ABCDEIJL,C,D,E,I,B,A,J,L
ABCDEIKL,C,D,E,K,B,A,I,L
ABCDEJKL,C,D,E,K,B,A,J,L
ABCDFGHI,C,F,H,I,B,A,G,D
ABCDFGHJ,C,F,H,J,B,A,G,D
ABCDFGHK,C,F,H,K,B,A,G,D
ABCDFGHL,D,F,C,H,B,A,G,L
ABCDFGIJ,D,F,C,J,B,A,G,I
ABCDFGIK,D,F,C,K,B,A,G,I
ABCDFGIL,D,F,C,I,B,A,G,L
ABCDFGJK,D,F,C,K,B,A,G,J
ABCDFGJL,D,F,C,J,B,A,G,L
ABCDFGKL,D,F,C,K,B,A,G,L
ABCDFHIJ,C,F,H,I,B,A,J,D
ABCDFHIK,C,D,H,K,B,A,F,I
ABCDFHIL,C,D,H,I,B,A,F,L
ABCDFHJK,C,F,H,K,B,A,J,D
ABCDFHJL,D,F,C,H,B,A,J,L
ABCDFHKL,C,D,H,K,B,A,F,L
ABCDFIJK,D,F,C,K,B,A,J,I
ABCDFIJL,D,F,C,I,B,A,J,L
ABCDFIKL,D,F,C,K,B,A,I,L
ABCDFJKL,D,F,C,K,B,A,J,L
ABCDGHIJ,C,D,H,J,B,A,G,I
ABCDGHIK,C,D,H,K,B,A,G,I
ABCDGHIL,C,D,H,I,B,A,G,L
ABCDGHJK,C,D,H,K,B,A,G,J
ABCDGHJL,C,D,H,J,B,A,G,L
ABCDGHKL,C,D,H,K,B,A,G,L
ABCDGIJK,D,G,C,K,B,A,J,I
ABCDGIJL,D,G,C,I,B,A,J,L
ABCDGIKL,C,D,I,K,B,A,G,L
ABCDGJKL,D,G,C,K,B,A,J,L
ABCDHIJK,C,D,H,K,B,A,J,I
ABCDHIJL,C,D,H,I,B,A,J,L
ABCDHIKL,C,D,H,K,B,A,I,L
ABCDHJKL,C,D,H,K,B,A,J,L
ABCDIJKL,C,D,I,K,B,A,J,L
ABCEFGHI,C,F,H,I,B,A,G,E
ABCEFGHJ,C,F,H,J,B,A,G,E
ABCEFGHK,C,F,H,K,B,A,G,E
ABCEFGHL,C,F,H,E,B,A,G,L
ABCEFGIJ,C,F,E,J,B,A,G,I
ABCEFGIK,C,F,E,K,B,A,G,I
ABCEFGIL,C,F,E,I,B,A,G,L
ABCEFGJK,C,F,E,K,B,A,G,J
ABCEFGJL,C,F,E,J,B,A,G,L
ABCEFGKL,C,F,E,K,B,A,G,L
ABCEFHIJ,C,F,H,I,B,A,J,E
ABCEFHIK,C,F,H,K,B,A,E,I
ABCEFHIL,C,F,H,I,B,A,E,L
ABCEFHJK,C,F,H,K,B,A,J,E
ABCEFHJL,C,F,H,E,B,A,J,L
ABCEFHKL,C,F,H,K,B,A,E,L
ABCEFIJK,C,F,E,K,B,A,J,I
ABCEFIJL,C,F,E,I,B,A,J,L
ABCEFIKL,C,F,E,K,B,A,I,L
ABCEFJKL,C,F,E,K,B,A,J,L
ABCEGHIJ,C,G,H,I,B,A,J,E
ABCEGHIK,C,H,E,K,B,A,G,I
ABCEGHIL,C,H,E,I,B,A,G,L
ABCEGHJK,C,G,H,K,B,A,J,E
ABCEGHJL,C,G,H,E,B,A,J,L
ABCEGHKL,C,H,E,K,B,A,G,L
ABCEGIJK,C,G,E,K,B,A,J,I
ABCEGIJL,C,G,E,I,B,A,J,L
ABCEGIKL,A,C,E,K,B,I,G,L
ABCEGJKL,C,G,E,K,B,A,J,L
ABCEHIJK,C,H,E,K,B,A,J,I
ABCEHIJL,C,H,E,I,B,A,J,L
ABCEHIKL,C,H,E,K,B,A,I,L
ABCEHJKL,C,H,E,K,B,A,J,L
ABCEIJKL,A,C,E,K,B,I,J,L
ABCFGHIJ,C,F,H,J,B,A,G,I
ABCFGHIK,C,F,H,K,B,A,G,I
ABCFGHIL,C,F,H,I,B,A,G,L
ABCFGHJK,C,F,H,K,B,A,G,J
ABCFGHJL,C,F,H,J,B,A,G,L
ABCFGHKL,C,F,H,K,B,A,G,L
ABCFGIJK,F,G,C,K,B,A,J,I
ABCFGIJL,F,G,C,I,B,A,J,L
ABCFGIKL,C,F,I,K,B,A,G,L
ABCFGJKL,F,G,C,K,B,A,J,L
ABCFHIJK,C,F,H,K,B,A,J,I
ABCFHIJL,C,F,H,I,B,A,J,L
ABCFHIKL,C,F,H,K,B,A,I,L
ABCFHJKL,C,F,H,K,B,A,J,L
ABCFIJKL,C,F,I,K,B,A,J,L
ABCGHIJK,C,G,H,K,B,A,J,I
ABCGHIJL,C,G,H,I,B,A,J,L
ABCGHIKL,C,H,I,K,B,A,G,L
ABCGHJKL,C,G,H,K,B,A,J,L
ABCGIJKL,C,G,I,K,B,A,J,L
ABCHIJKL,C,H,I,K,B,A,J,L
ABDEFGHI,D,F,H,I,B,A,G,E
ABDEFGHJ,D,F,H,J,B,A,G,E
ABDEFGHK,D,F,H,K,B,A,G,E
ABDEFGHL,D,F,H,E,B,A,G,L
ABDEFGIJ,D,F,E,J,B,A,G,I
ABDEFGIK,D,F,E,K,B,A,G,I
ABDEFGIL,D,F,E,I,B,A,G,L
ABDEFGJK,D,F,E,K,B,A,G,J
ABDEFGJL,D,F,E,J,B,A,G,L
ABDEFGKL,D,F,E,K,B,A,G,L
ABDEFHIJ,D,F,H,I,B,A,J,E
ABDEFHIK,D,F,H,K,B,A,E,I
ABDEFHIL,D,F,H,I,B,A,E,L
ABDEFHJK,D,F,H,K,B,A,J,E
ABDEFHJL,D,F,H,E,B,A,J,L
ABDEFHKL,D,F,H,K,B,A,E,L
ABDEFIJK,D,F,E,K,B,A,J,I
ABDEFIJL,D,F,E,I,B,A,J,L
ABDEFIKL,D,F,E,K,B,A,I,L
ABDEFJKL,D,F,E,K,B,A,J,L
ABDEGHIJ,D,G,H,I,B,A,J,E
ABDEGHIK,D,H,E,K,B,A,G,I
ABDEGHIL,D,H,E,I,B,A,G,L
ABDEGHJK,D,G,H,K,B,A,J,E
ABDEGHJL,D,G,H,E,B,A,J,L
ABDEGHKL,D,H,E,K,B,A,G,L
ABDEGIJK,D,G,E,K,B,A,J,I
ABDEGIJL,D,G,E,I,B,A,J,L
ABDEGIKL,A,D,E,K,B,I,G,L
ABDEGJKL,D,G,E,K,B,A,J,L
ABDEHIJK,D,H,E,K,B,A,J,I
ABDEHIJL,D,H,E,I,B,A,J,L
ABDEHIKL,D,H,E,K,B,A,I,L
ABDEHJKL,D,H,E,K,B,A,J,L
ABDEIJKL,A,D,E,K,B,I,J,L
ABDFGHIJ,D,F,H,J,B,A,G,I
ABDFGHIK,D,F,H,K,B,A,G,I
ABDFGHIL,D,F,H,I,B,A,G,L
ABDFGHJK,D,F,H,K,B,A,G,J
ABDFGHJL,D,F,H,J,B,A,G,L
ABDFGHKL,D,F,H,K,B,A,G,L
ABDFGIJK,D,G,F,K,B,A,J,I
ABDFGIJL,D,G,F,I,B,A,J,L
ABDFGIKL,D,F,I,K,B,A,G,L
ABDFGJKL,D,G,F,K,B,A,J,L
ABDFHIJK,D,F,H,K,B,A,J,I
ABDFHIJL,D,F,H,I,B,A,J,L
ABDFHIKL,D,F,H,K,B,A,I,L
ABDFHJKL,D,F,H,K,B,A,J,L
ABDFIJKL,D,F,I,K,B,A,J,L
ABDGHIJK,D,G,H,K,B,A,J,I
ABDGHIJL,D,G,H,I,B,A,J,L
ABDGHIKL,D,H,I,K,B,A,G,L
ABDGHJKL,D,G,H,K,B,A,J,L
ABDGIJKL,D,G,I,K,B,A,J,L
ABDHIJKL,D,H,I,K,B,A,J,L
ABEFGHIJ,F,G,H,I,B,A,J,E
ABEFGHIK,F,H,E,K,B,A,G,I
ABEFGHIL,F,H,E,I,B,A,G,L
ABEFGHJK,F,G,H,K,B,A,J,E
ABEFGHJL,F,G,H,E,B,A,J,L
ABEFGHKL,F,H,E,K,B,A,G,L
ABEFGIJK,F,G,E,K,B,A,J,I
ABEFGIJL,F,G,E,I,B,A,J,L
ABEFGIKL,A,F,E,K,B,I,G,L
ABEFGJKL,F,G,E,K,B,A,J,L
ABEFHIJK,F,H,E,K,B,A,J,I
ABEFHIJL,F,H,E,I,B,A,J,L
ABEFHIKL,F,H,E,K,B,A,I,L
ABEFHJKL,F,H,E,K,B,A,J,L
ABEFIJKL,A,F,E,K,B,I,J,L
ABEGHIJK,A,G,E,K,B,H,J,I
ABEGHIJL,A,G,E,I,B,H,J,L
ABEGHIKL,A,H,E,K,B,I,G,L
ABEGHJKL,A,G,E,K,B,H,J,L
ABEGIJKL,A,G,E,K,B,I,J,L
ABEHIJKL,A,H,E,K,B,I,J,L
ABFGHIJK,F,G,H,K,B,A,J,I
ABFGHIJL,F,G,H,I,B,A,J,L
ABFGHIKL,A,F,H,K,B,I,G,L
ABFGHJKL,F,G,H,K,B,A,J,L
ABFGIJKL,F,G,I,K,B,A,J,L
ABFHIJKL,A,F,H,K,B,I,J,L
ABGHIJKL,A,G,H,K,B,I,J,L
ACDEFGHI,C,F,H,I,E,A,G,D
ACDEFGHJ,C,F,H,E,J,A,G,D
ACDEFGHK,C,F,H,K,E,A,G,D
ACDEFGHL,C,D,H,E,F,A,G,L
ACDEFGIJ,D,F,C,I,J,A,G,E
ACDEFGIK,D,F,C,K,E,A,G,I
ACDEFGIL,D,F,C,I,E,A,G,L
ACDEFGJK,D,F,C,K,J,A,G,E
ACDEFGJL,D,F,C,E,J,A,G,L
ACDEFGKL,D,F,C,K,E,A,G,L
ACDEFHIJ,C,F,H,I,E,A,J,D
ACDEFHIK,C,D,H,K,F,A,E,I
ACDEFHIL,C,D,H,I,F,A,E,L
ACDEFHJK,C,F,H,K,E,A,J,D
ACDEFHJL,C,D,H,E,F,A,J,L
ACDEFHKL,C,D,H,K,F,A,E,L
ACDEFIJK,D,F,C,K,E,A,J,I
ACDEFIJL,D,F,C,I,E,A,J,L
ACDEFIKL,D,F,C,K,I,A,E,L
ACDEFJKL,D,F,C,K,E,A,J,L
ACDEGHIJ,C,D,H,I,J,A,G,E
ACDEGHIK,C,D,H,K,E,A,G,I
ACDEGHIL,C,D,H,I,E,A,G,L
ACDEGHJK,C,D,H,K,J,A,G,E
ACDEGHJL,C,D,H,E,J,A,G,L
ACDEGHKL,C,D,H,K,E,A,G,L
ACDEGIJK,C,D,E,K,J,A,G,I
ACDEGIJL,C,D,E,I,J,A,G,L
ACDEGIKL,C,D,E,K,I,A,G,L
ACDEGJKL,C,D,E,K,J,A,G,L
ACDEHIJK,C,D,H,K,E,A,J,I
ACDEHIJL,C,D,H,I,E,A,J,L
ACDEHIKL,C,D,H,K,I,A,E,L
ACDEHJKL,C,D,H,K,E,A,J,L
ACDEIJKL,C,D,E,K,I,A,J,L
ACDFGHIJ,C,F,H,I,J,A,G,D
ACDFGHIK,C,D,H,K,F,A,G,I
ACDFGHIL,C,D,H,I,F,A,G,L
ACDFGHJK,C,F,H,K,J,A,G,D
ACDFGHJL,D,F,C,H,J,A,G,L
ACDFGHKL,C,D,H,K,F,A,G,L
ACDFGIJK,D,F,C,K,J,A,G,I
ACDFGIJL,D,F,C,I,J,A,G,L
ACDFGIKL,D,F,C,K,I,A,G,L
ACDFGJKL,D,F,C,K,J,A,G,L
ACDFHIJK,C,D,H,K,F,A,J,I
ACDFHIJL,C,D,H,I,F,A,J,L
ACDFHIKL,C,D,H,K,I,A,F,L
ACDFHJKL,C,D,H,K,F,A,J,L
ACDFIJKL,D,F,C,K,I,A,J,L
ACDGHIJK,C,D,H,K,J,A,G,I
ACDGHIJL,C,D,H,I,J,A,G,L
ACDGHIKL,C,D,H,K,I,A,G,L
ACDGHJKL,C,D,H,K,J,A,G,L
ACDGIJKL,C,D,I,K,J,A,G,L
ACDHIJKL,C,D,H,K,I,A,J,L
ACEFGHIJ,C,F,H,I,J,A,G,E
ACEFGHIK,C,F,H,K,E,A,G,I
ACEFGHIL,C,F,H,I,E,A,G,L
ACEFGHJK,C,F,H,K,J,A,G,E
ACEFGHJL,C,F,H,E,J,A,G,L
ACEFGHKL,C,F,H,K,E,A,G,L
ACEFGIJK,C,F,E,K,J,A,G,I
ACEFGIJL,C,F,E,I,J,A,G,L
ACEFGIKL,C,F,E,K,I,A,G,L
ACEFGJKL,C,F,E,K,J,A,G,L
ACEFHIJK,C,F,H,K,E,A,J,I
ACEFHIJL,C,F,H,I,E,A,J,L
ACEFHIKL,C,F,H,K,I,A,E,L
ACEFHJKL,C,F,H,K,E,A,J,L
ACEFIJKL,C,F,E,K,I,A,J,L
ACEGHIJK,C,H,E,K,J,A,G,I
ACEGHIJL,C,H,E,I,J,A,G,L
ACEGHIKL,C,H,E,K,I,A,G,L
ACEGHJKL,C,H,E,K,J,A,G,L
ACEGIJKL,C,G,E,K,I,A,J,L
ACEHIJKL,C,H,E,K,I,A,J,L
ACFGHIJK,C,F,H,K,J,A,G,I
ACFGHIJL,C,F,H,I,J,A,G,L
ACFGHIKL,C,F,H,K,I,A,G,L
ACFGHJKL,C,F,H,K,J,A,G,L
ACFGIJKL,C,F,I,K,J,A,G,L
ACFHIJKL,C,F,H,K,I,A,J,L
ACGHIJKL,C,G,H,K,I,A,J,L
ADEFGHIJ,D,F,H,I,J,A,G,E
ADEFGHIK,D,F,H,K,E,A,G,I
ADEFGHIL,D,F,H,I,E,A,G,L
ADEFGHJK,D,F,H,K,J,A,G,E
ADEFGHJL,D,F,H,E,J,A,G,L
ADEFGHKL,D,F,H,K,E,A,G,L
ADEFGIJK,D,F,E,K,J,A,G,I
ADEFGIJL,D,F,E,I,J,A,G,L
ADEFGIKL,D,F,E,K,I,A,G,L
ADEFGJKL,D,F,E,K,J,A,G,L
ADEFHIJK,D,F,H,K,E,A,J,I
ADEFHIJL,D,F,H,I,E,A,J,L
ADEFHIKL,D,F,H,K,I,A,E,L
ADEFHJKL,D,F,H,K,E,A,J,L
ADEFIJKL,D,F,E,K,I,A,J,L
ADEGHIJK,D,H,E,K,J,A,G,I
ADEGHIJL,D,H,E,I,J,A,G,L
ADEGHIKL,D,H,E,K,I,A,G,L
ADEGHJKL,D,H,E,K,J,A,G,L
ADEGIJKL,D,G,E,K,I,A,J,L
ADEHIJKL,D,H,E,K,I,A,J,L
ADFGHIJK,D,F,H,K,J,A,G,I
ADFGHIJL,D,F,H,I,J,A,G,L
ADFGHIKL,D,F,H,K,I,A,G,L
ADFGHJKL,D,F,H,K,J,A,G,L
ADFGIJKL,D,F,I,K,J,A,G,L
ADFHIJKL,D,F,H,K,I,A,J,L
ADGHIJKL,D,G,H,K,I,A,J,L
AEFGHIJK,F,H,E,K,J,A,G,I
AEFGHIJL,F,H,E,I,J,A,G,L
AEFGHIKL,F,H,E,K,I,A,G,L
AEFGHJKL,F,H,E,K,J,A,G,L
AEFGIJKL,F,G,E,K,I,A,J,L
AEFHIJKL,F,H,E,K,I,A,J,L
AEGHIJKL,A,G,E,K,I,H,J,L
AFGHIJKL,F,G,H,K,I,A,J,L
BCDEFGHI,D,F,C,I,B,H,G,E
BCDEFGHJ,C,F,H,E,B,J,G,D
BCDEFGHK,D,F,C,K,B,H,G,E
BCDEFGHL,D,F,C,E,B,H,G,L
BCDEFGIJ,D,F,C,I,B,J,G,E
BCDEFGIK,D,F,C,K,B,E,G,I
BCDEFGIL,D,F,C,I,B,E,G,L
BCDEFGJK,D,F,C,K,B,J,G,E
BCDEFGJL,D,F,C,E,B,J,G,L
BCDEFGKL,D,F,C,K,B,E,G,L
BCDEFHIJ,D,F,C,I,B,H,J,E
BCDEFHIK,D,F,C,K,B,H,E,I
BCDEFHIL,D,F,C,I,B,H,E,L
BCDEFHJK,D,F,C,K,B,H,J,E
BCDEFHJL,D,F,C,E,B,H,J,L
BCDEFHKL,D,F,C,K,B,H,E,L
BCDEFIJK,D,F,C,K,B,E,J,I
BCDEFIJL,D,F,C,I,B,E,J,L
BCDEFIKL,D,F,C,K,B,I,E,L
BCDEFJKL,D,F,C,K,B,E,J,L
BCDEGHIJ,C,D,H,I,B,J,G,E
BCDEGHIK,C,D,E,K,B,H,G,I
BCDEGHIL,C,D,E,I,B,H,G,L
BCDEGHJK,C,D,H,K,B,J,G,E
BCDEGHJL,C,D,H,E,B,J,G,L
BCDEGHKL,C,D,E,K,B,H,G,L
BCDEGIJK,C,D,E,K,B,J,G,I
BCDEGIJL,C,D,E,I,B,J,G,L
BCDEGIKL,C,D,E,K,B,I,G,L
BCDEGJKL,C,D,E,K,B,J,G,L
BCDEHIJK,C,D,E,K,B,H,J,I
BCDEHIJL,C,D,E,I,B,H,J,L
BCDEHIKL,C,D,E,K,B,H,I,L
BCDEHJKL,C,D,E,K,B,H,J,L
BCDEIJKL,C,D,E,K,B,I,J,L
BCDFGHIJ,C,F,H,I,B,J,G,D
BCDFGHIK,D,F,C,K,B,H,G,I
BCDFGHIL,D,F,C,I,B,H,G,L
BCDFGHJK,C,F,H,K,B,J,G,D
BCDFGHJL,D,F,C,J,B,H,G,L
BCDFGHKL,D,F,C,K,B,H,G,L
BCDFGIJK,D,F,C,K,B,J,G,I
BCDFGIJL,D,F,C,I,B,J,G,L
BCDFGIKL,D,F,C,K,B,I,G,L
BCDFGJKL,D,F,C,K,B,J,G,L
BCDFHIJK,D,F,C,K,B,H,J,I
BCDFHIJL,D,F,C,I,B,H,J,L
BCDFHIKL,D,F,C,K,B,H,I,L
BCDFHJKL,D,F,C,K,B,H,J,L
BCDFIJKL,D,F,C,K,B,I,J,L
BCDGHIJK,C,D,H,K,B,J,G,I
BCDGHIJL,C,D,H,I,B,J,G,L
BCDGHIKL,C,D,H,K,B,I,G,L
BCDGHJKL,C,D,H,K,B,J,G,L
BCDGIJKL,C,D,I,K,B,J,G,L
BCDHIJKL,C,D,H,K,B,I,J,L
BCEFGHIJ,C,F,H,I,B,J,G,E
BCEFGHIK,C,F,E,K,B,H,G,I
BCEFGHIL,C,F,E,I,B,H,G,L
BCEFGHJK,C,F,H,K,B,J,G,E
BCEFGHJL,C,F,H,E,B,J,G,L
BCEFGHKL,C,F,E,K,B,H,G,L
BCEFGIJK,C,F,E,K,B,J,G,I
BCEFGIJL,C,F,E,I,B,J,G,L
BCEFGIKL,C,F,E,K,B,I,G,L
BCEFGJKL,C,F,E,K,B,J,G,L
BCEFHIJK,C,F,E,K,B,H,J,I
BCEFHIJL,C,F,E,I,B,H,J,L
BCEFHIKL,C,F,E,K,B,H,I,L
BCEFHJKL,C,F,E,K,B,H,J,L
BCEFIJKL,C,F,E,K,B,I,J,L
BCEGHIJK,C,G,E,K,B,H,J,I
BCEGHIJL,C,G,E,I,B,H,J,L
BCEGHIKL,C,H,E,K,B,I,G,L
BCEGHJKL,C,G,E,K,B,H,J,L
BCEGIJKL,C,G,E,K,B,I,J,L
BCEHIJKL,C,H,E,K,B,I,J,L
BCFGHIJK,C,F,H,K,B,J,G,I
BCFGHIJL,C,F,H,I,B,J,G,L
BCFGHIKL,C,F,H,K,B,I,G,L
BCFGHJKL,C,F,H,K,B,J,G,L
BCFGIJKL,C,F,I,K,B,J,G,L
BCFHIJKL,C,F,H,K,B,I,J,L
BCGHIJKL,C,G,H,K,B,I,J,L
BDEFGHIJ,D,F,H,I,B,J,G,E
BDEFGHIK,D,F,E,K,B,H,G,I
BDEFGHIL,D,F,E,I,B,H,G,L
BDEFGHJK,D,F,H,K,B,J,G,E
BDEFGHJL,D,F,H,E,B,J,G,L
BDEFGHKL,D,F,E,K,B,H,G,L
BDEFGIJK,D,F,E,K,B,J,G,I
BDEFGIJL,D,F,E,I,B,J,G,L
BDEFGIKL,D,F,E,K,B,I,G,L
BDEFGJKL,D,F,E,K,B,J,G,L
BDEFHIJK,D,F,E,K,B,H,J,I
BDEFHIJL,D,F,E,I,B,H,J,L
BDEFHIKL,D,F,E,K,B,H,I,L
BDEFHJKL,D,F,E,K,B,H,J,L
BDEFIJKL,D,F,E,K,B,I,J,L
BDEGHIJK,D,G,E,K,B,H,J,I
BDEGHIJL,D,G,E,I,B,H,J,L
BDEGHIKL,D,H,E,K,B,I,G,L
BDEGHJKL,D,G,E,K,B,H,J,L
BDEGIJKL,D,G,E,K,B,I,J,L
BDEHIJKL,D,H,E,K,B,I,J,L
BDFGHIJK,D,F,H,K,B,J,G,I
BDFGHIJL,D,F,H,I,B,J,G,L
BDFGHIKL,D,F,H,K,B,I,G,L
BDFGHJKL,D,F,H,K,B,J,G,L
BDFGIJKL,D,F,I,K,B,J,G,L
BDFHIJKL,D,F,H,K,B,I,J,L
BDGHIJKL,D,G,H,K,B,I,J,L
BEFGHIJK,F,G,E,K,B,H,J,I
BEFGHIJL,F,G,E,I,B,H,J,L
BEFGHIKL,F,H,E,K,B,I,G,L
BEFGHJKL,F,G,E,K,B,H,J,L
BEFGIJKL,F,G,E,K,B,I,J,L
BEFHIJKL,F,H,E,K,B,I,J,L
BEGHIJKL,B,G,E,K,I,H,J,L
BFGHIJKL,F,G,H,K,B,I,J,L
CDEFGHIJ,D,F,C,I,J,H,G,E
CDEFGHIK,D,F,C,K,E,H,G,I
CDEFGHIL,D,F,C,I,E,H,G,L
CDEFGHJK,D,F,C,K,J,H,G,E
CDEFGHJL,D,F,C,E,J,H,G,L
CDEFGHKL,D,F,C,K,E,H,G,L
CDEFGIJK,D,F,C,K,E,J,G,I
CDEFGIJL,D,F,C,I,E,J,G,L
CDEFGIKL,D,F,C,K,E,I,G,L
CDEFGJKL,D,F,C,K,E,J,G,L
CDEFHIJK,D,F,C,K,E,H,J,I
CDEFHIJL,D,F,C,I,E,H,J,L
CDEFHIKL,D,F,C,K,I,H,E,L
CDEFHJKL,D,F,C,K,E,H,J,L
CDEFIJKL,D,F,C,K,E,I,J,L
CDEGHIJK,C,D,E,K,J,H,G,I
CDEGHIJL,C,D,E,I,J,H,G,L
CDEGHIKL,C,D,E,K,I,H,G,L
CDEGHJKL,C,D,E,K,J,H,G,L
CDEGIJKL,C,D,E,K,I,J,G,L
CDEHIJKL,C,D,E,K,I,H,J,L
CDFGHIJK,D,F,C,K,J,H,G,I
CDFGHIJL,D,F,C,I,J,H,G,L
CDFGHIKL,D,F,C,K,I,H,G,L
CDFGHJKL,D,F,C,K,J,H,G,L
CDFGIJKL,D,F,C,K,I,J,G,L
CDFHIJKL,D,F,C,K,I,H,J,L
CDGHIJKL,C,D,H,K,I,J,G,L
CEFGHIJK,C,F,E,K,J,H,G,I
CEFGHIJL,C,F,E,I,J,H,G,L
CEFGHIKL,C,F,E,K,I,H,G,L
CEFGHJKL,C,F,E,K,J,H,G,L
CEFGIJKL,C,F,E,K,I,J,G,L
CEFHIJKL,C,F,E,K,I,H,J,L
CEGHIJKL,C,G,E,K,I,H,J,L
CFGHIJKL,C,F,H,K,I,J,G,L
DEFGHIJK,D,F,E,K,J,H,G,I
DEFGHIJL,D,F,E,I,J,H,G,L
DEFGHIKL,D,F,E,K,I,H,G,L
DEFGHJKL,D,F,E,K,J,H,G,L
DEFGIJKL,D,F,E,K,I,J,G,L
DEFHIJKL,D,F,E,K,I,H,J,L
DEGHIJKL,D,G,E,K,I,H,J,L
DFGHIJKL,D,F,H,K,I,J,G,L
EFGHIJKL,F,G,E,K,I,H,J,L
